"SpeciesId","Species Name","StatArea","Year","T_Idx_E","ExpFactor1","AdjSum","ExpFactor2","ObsE","ExpFactor3","TE","CDN Harvest","CDN ER","TRTC","Total Harvest","Total ER","Total Run","Q1","Q2","Q3"
"CN","Chinook","03",1985,,,,,,,,,,,,,,,,
"CN","Chinook","03",1986,36523.3430178128,1,36523.3430178128,1.05852421556695,38660.8430178128,1,38660.8430178128,9666,0.197157300062908,48326.8430178128,10366,0.211435192680747,49026.8430178128,2,5,4.72355750248188
"CN","Chinook","03",1987,19539.8790480158,1,19539.8790480158,1.09879314239457,21470.285101179,1,21470.285101179,5368,0.194928623197752,26838.285101179,6068,0.220347780470187,27538.285101179,2,5,4.55044703783248
"CN","Chinook","03",1988,15345.1069122027,1,15345.1069122027,1.09795859031795,16848.2919536003,1,16848.2919536003,4211,0.193526517727671,21059.2919536003,4911,0.225696682156398,21759.2919536003,2,5,4.55390580673182
"CN","Chinook","03",1989,28133.1209131345,1,28133.1209131345,1.03796423911559,29201.1734425486,1,29201.1734425486,7300,0.196230369218695,36501.1734425486,8000,0.215046979965693,37201.1734425486,2,5,4.81712164212931
"CN","Chinook","03",1990,24051.4601444958,1,24051.4601444958,1.10228069253263,26511.4601444958,1,26511.4601444958,6629,0.195889771347516,33140.4601444958,7329,0.21657506927228,33840.4601444958,2,5,4.53604969575568
"CN","Chinook","03",1991,6906.56538390904,1,6906.56538390904,1.14755783705562,7925.6832334419,1,7925.6832334419,4268,0.331014801800795,12193.6832334419,4968,0.385304952049285,12893.6832334419,1,5,4.3570788665684
"CN","Chinook","03",1992,16808,1,16808,1.05399214659686,17715.5,1,17715.5,17681.6666666667,0.489835305633406,35397.1666666667,18381.6666666667,0.509227409353458,36097.1666666667,3.5,5,4.74386836386215
"CN","Chinook","03",1993,24814,1,24814,1.04186178110561,25852.7582363547,1,25852.7582363547,19561.6666666667,0.424198430486878,45414.4249030214,20261.6666666667,0.439378062488624,46114.4249030214,3.5,5,4.79910108104172
"CN","Chinook","03",1994,21169,1,21169,1.174905857715,24871.5821019689,1,24871.5821019689,17908.1940339896,0.411874108504879,42779.7761359585,18608.1940339896,0.427973547421288,43479.7761359585,3.5,5,4.25566011707881
"CN","Chinook","03",1995,7844,1,7844,1.12405845573681,8817.11452679951,1,8817.11452679951,12892.3715089332,0.575308665641677,21709.4860357327,13592.3715089332,0.606545437376818,22409.4860357327,3.5,5,4.44816724119793
"CN","Chinook","03",1996,21842,1,21842,1.05071010120426,22949.6100305035,1,22949.6100305035,18601.5366768345,0.440261108312212,41551.146707338,19301.5366768345,0.456828705988287,42251.146707338,3.5,5,4.7586865247315
"CN","Chinook","03",1997,18702,1,18702,1.08743957634761,20337.2949568531,1,20337.2949568531,15937.8775034932,0.431042681966817,36275.1724603463,16637.8775034932,0.44997430428043,36975.1724603463,3.5,5,4.59795662099546
"CN","Chinook","03",1998,23212.9976744186,1,23212.9976744186,1.06298702589526,24675.1153600439,1,24675.1153600439,21018.038453348,0.45304181168388,45693.1538133919,21718.038453348,0.468130244835367,46393.1538133919,3.5,5,4.70372627153085
"CN","Chinook","03",1999,11544,1,11544,1.08506751048957,12526.0193410916,1,12526.0193410916,16431.3397803639,0.554039208719589,28957.3591214555,17131.3397803639,0.577642119455278,29657.3591214555,3.5,5,4.60800821300423
"CN","Chinook","03",2000,18046.7039911438,1,18046.7039911438,1.07213173661233,19348.4440901537,1,19348.4440901537,13424.467302723,0.401054666119656,32772.9113928766,14124.467302723,0.421967098617206,33472.9113928766,3.5,5,4.66360600032114
"CN","Chinook","03",2001,28329,1,28329,1.14157982750525,32339.8149333962,1,32339.8149333962,15642.0088159293,0.321311068715785,47981.8237493255,16342.0088159293,0.335690152038638,48681.8237493255,3.5,5,4.37989519394955
"CN","Chinook","03",2002,13352,1,13352,1.1087839688998,14804.4835527502,1,14804.4835527502,13547.5486093643,0.466320171124934,28352.0321621145,14247.5486093643,0.490414871147773,29052.0321621145,3.5,5,4.50944470721495
"CN","Chinook","03",2003,25848.3676114992,1,25848.3676114992,1.09383357990911,28273.8124792928,1,28273.8124792928,15323.0204952205,0.345916840240855,43596.8329745133,16023.0204952205,0.361719324368845,44296.8329745133,3.5,5,4.57107926821508
"CN","Chinook","03",2004,15184.7517383564,1,15184.7517383564,1.11133750849377,16875.3841640014,1,16875.3841640014,16922.1037911069,0.49198615275332,33797.4879551083,17520.1037911069,0.509372154102697,34395.4879551083,3.5,5,4.49908327738948
"CN","Chinook","03",2005,13706.4868952669,1,13706.4868952669,1.13605206687608,15571.2827669779,1,15571.2827669779,12708.1366828308,0.445424109701129,28279.4194498087,12959.1366828308,0.454221737105155,28530.4194498087,3.5,5,4.40120672791788
"CN","Chinook","03",2006,23594.2740810028,1,23594.2740810028,1.18932315785009,28061.2165571988,1,28061.2165571988,15508.906657972,0.342207954385712,43570.1232151707,17258.906657972,0.380822147725199,45320.1232151707,3.5,5,4.20407184287774
"CN","Chinook","03",2007,22136.3129037839,1,22136.3129037839,1.12774811485466,24964.1851470751,1,24964.1851470751,14978,0.372437115684239,39942.1851470751,15252,0.379250292990787,40216.1851470751,3.5,5,4.43361415030553
"CN","Chinook","03",2008,19630,1,19630,1.12774811485466,22137.6954945969,1,22137.6954945969,8064,0.265335640831017,30201.6954945969,8254,0.271587348638295,30391.6954945969,3.5,5,4.43361415030553
"CN","Chinook","03",2009,26226,1,26226,1.12774811485466,29576.3220601783,1,29576.3220601783,9706,0.240287243162123,39282.3220601783,10817,0.267791789540973,40393.3220601783,3.5,5,4.43361415030553
"CN","Chinook","03",2010,18381,1,18381,1.12774811485466,20729.1380991435,1,20729.1380991435,6718,0.238708276821641,27447.1380991435,7414,0.263438994396494,28143.1380991435,3.5,5,4.43361415030553
"CN","Chinook","03",2011,9599.57231990925,1,9599.57231990925,1.12774811485466,10825.8995871886,1,10825.8995871886,7706,0.405279150575628,18531.8995871886,8188.15526625001,0.43063698560695,19014.0548534386,3.5,5,4.43361415030553
"CN","Chinook","03",2012,8687.65892621871,1,8687.65892621871,1.12774811485466,9797.49097654339,1,9797.49097654339,6074,0.372994353130965,15871.4909765434,6486.9378600168,0.398352188162287,16284.4288365602,3.5,5,4.43361415030553
"CN","Chinook","03",2013,8010.83563096501,1,8010.83563096501,1.12774811485466,9034.20478123131,1,9034.20478123131,7525,0.442906672650252,16559.2047812313,7955.8305121458,0.468264507681574,16990.0352933771,3.5,5,4.43361415030553
"CN","Chinook","03",2014,11509,1,11509,1.12774811485466,12979.2530538623,1,12979.2530538623,9839,0.431682920486696,22818.2530538623,9812.9389302615,0.43053949953988,22792.1919841238,3.5,5,4.43361415030553
"CN","Chinook","03",2015,18262,1,18262,1.12774811485466,20594.9360734758,1,20594.9360734758,11578.2281482767,0.350652250297779,32173.1642217525,12424.1822651185,0.376272380677001,33019.1183385942,3.5,5,4.43361415030553
"CN","Chinook","03",2016,9037.17808219178,1,9037.17808219178,1.12774811485466,10191.6605457976,1,10191.6605457976,7354,0.408396682614918,17545.6605457976,7815.34174646676,0.43401681299414,18007.0022922644,3.5,5,4.43361415030553
"CN","Chinook","03",2017,4419.24754996776,1,4419.24754996776,1.12774811485466,4983.79809355221,1,4983.79809355221,5730,0.521122071199675,10713.7980935522,6011.70625499508,0.546742201578897,10995.5043485473,3.5,5,4.43361415030553
"CN","Chinook","04",1985,30875,1,30875,1,30875,1,30875,25370.1020408163,0.336472591153058,56245.1020408163,44525.2040816327,0.590518349704028,75400.2040816327,4,5,5
"CN","Chinook","04",1986,28398,1,28398,1,28398,1,28398,32300.2746460076,0.495643735938976,60698.2746460076,36770.3302015631,0.564236187851275,65168.3302015631,4,5,5
"CN","Chinook","04",1987,150874,1,150874,1,150874,1,150874,63023.7475143503,0.249699582233731,213897.74751435,101524.289779103,0.402238421932083,252398.289779103,4,5,5
"CN","Chinook","04",1988,91496,1,91496,1,91496,1,91496,96511.418230563,0.367553491163316,188007.418230563,171081.884718499,0.651547196756155,262577.884718499,4,5,5
"CN","Chinook","04",1989,72422,1,72422,1,72422,1,72422,44251.7194244604,0.305312418278463,116673.71942446,72517.1402877698,0.500328207713875,144939.14028777,4,5,5
"CN","Chinook","04",1990,64188,1,64188,1,64188,1,64188,47640.544176401,0.374225750929518,111828.544176401,63116.2917492165,0.49579076150514,127304.291749217,4,5,5
"CN","Chinook","04",1991,41940,1,41940,1,41940,1,41940,59372.0236001956,0.461592055125527,101312.023600196,86684.4486683155,0.673934462427506,128624.448668315,4,5,5
"CN","Chinook","04",1992,103365,1,103365,1,103365,1,103365,57435.0722012982,0.300846563324283,160800.072201298,87546.5117242965,0.45857115128147,190911.511724296,4,5,5
"CN","Chinook","04",1993,119780,1,119780,1,119780,1,119780,90801.568627451,0.366593773491583,210581.568627451,127909.882352941,0.516411413893275,247689.882352941,4,5,5
"CN","Chinook","04",1994,78228,1,78228,1,78228,1,78228,52646.7989228007,0.35070791968747,130874.798922801,71887.7971274686,0.478882292890375,150115.797127469,4,5,5
"CN","Chinook","04",1995,62272,1,62272,1,62272,1,62272,78495.585492228,0.467147339042263,140767.585492228,105759.751295337,0.629403374541106,168031.751295337,4,5,5
"CN","Chinook","04",1996,155637,1,155637,1,155637,1,155637,64195.48,0.241567610230838,219832.48,110108.395,0.414337922958176,265745.395,4,5,5
"CN","Chinook","04",1997,57368,1,57368,1,57368,1,57368,25206.3443708609,0.245412441494516,82574.3443708609,45342.1324503311,0.441457248361137,102710.132450331,4,5,5
"CN","Chinook","04",1998,80677,1,80677,1,80677,1,80677,18486.3652392947,0.16318181421496,99163.3652392947,32609.9206549118,0.287852476405871,113286.920654912,4,5,5
"CN","Chinook","04",1999,53418,1,53418,1,53418,1,53418,30648.8557536467,0.294758460668698,84066.8557536467,50561.5623987034,0.486264427665392,103979.562398703,4,5,5
"CN","Chinook","04",2000,95563,1,95563,1,95563,1,95563,42228.6199677939,0.252355733186734,137791.619967794,71774.6682769727,0.428921168891712,167337.668276973,4,5,5
"CN","Chinook","04",2001,145120,1,145120,1,145120,1,145120,55780.7343485618,0.217975306324985,200900.734348562,110783.915397631,0.432912154647934,255903.915397631,4,5,5
"CN","Chinook","04",2002,89235,1,89235,1,89235,1,89235,32036.4918032787,0.210980912700009,121271.491803279,62610.4508196721,0.412330105918199,151845.450819672,4,5,5
"CN","Chinook","04",2003,114346,1,114346,1,114346,1,114346,37718.0254872564,0.207168080339102,152064.025487256,67718.8500749625,0.371949061266248,182064.850074962,4,5,5
"CN","Chinook","04",2004,142141,1,142141,1,142141,1,142141,39609.3560057887,0.182421193098686,181750.356005789,74990.3285094067,0.345368533523977,217131.328509407,4,5,5
"CN","Chinook","04",2005,77531,1,77531,1,77531,1,77531,31974.3857284105,0.231328705395077,109505.38572841,60689.5709135957,0.439077703936948,138220.570913596,4,5,5
"CN","Chinook","04",2006,84199,1,84199,1,84199,1,84199,37837.3938052262,0.251441324039652,122036.393805226,66283.0019133343,0.440471292716507,150482.001913334,4,5,5
"CN","Chinook","04",2007,85179,1,85179,1,85179,1,85179,23289.0287947314,0.178402252362756,108468.028794731,45363.2352368983,0.347498532981119,130542.235236898,4,5,5
"CN","Chinook","04",2008,71446,1,71446,1,71446,1,71446,72888.5289897024,0.460622649764279,144334.528989702,86793.1335445678,0.548493483251554,158239.133544568,4,5,5
"CN","Chinook","04",2009,80900,1,80900,1,80900,1,80900,20454.366733793,0.162959936198368,101354.366733793,44617.7635127096,0.355469714118924,125517.76351271,4,5,5
"CN","Chinook","04",2010,101486,1,101486,1,101486,1,101486,35869.2711297044,0.236912914679886,137355.271129704,49916.7683048456,0.329695215376376,151402.768304846,4,5,5
"CN","Chinook","04",2011,53682,1,53682,1,53682,1,53682,28651.6917836327,0.306141850285205,82333.6917836327,39907.5950094391,0.426410596235769,93589.5950094391,4,5,5
"CN","Chinook","04",2012,33473,1,33473,1,33473,1,33473,13229.0360337869,0.239797238380739,46702.0360337869,21694.5912663451,0.393248839914094,55167.5912663451,4,5,5
"CN","Chinook","04",2013,39179,1,39179,1,39179,1,39179,15756.0238523376,0.249681434972227,54935.0238523376,23925.5069654066,0.379141017273495,63104.5069654066,4,5,5
"CN","Chinook","04",2014,44200,1,44200,1,44200,1,44200,18943.3216391318,0.264374096649917,63143.3216391318,27453.4708928632,0.383142233736476,71653.4708928632,4,5,5
"CN","Chinook","04",2015,53770,1,53770,1,53770,1,53770,24826.8424139976,0.257141049911367,78596.8424139976,42779.5101717718,0.443083658277111,96549.5101717718,4,5,5
"CN","Chinook","04",2016,31297,1,31297,1,31297,1,31297,13129.3446200537,0.239255848092569,44426.3446200537,23578.7521486953,0.429675243171239,54875.7521486953,4,5,5
"CN","Chinook","04",2017,16837,1,16837,1,16837,1,16837,9884,0.324907136517537,26721,13584,0.446533644521876,30421,4,5,5
"CN","Chinook","06",1985,205,1,205,4.01395967762369,822.861733912857,1,822.861733912857,318.452476846541,0.246241561199638,1141.3142107594,470.390612665465,0.363726858033563,1293.25234657832,2,5,1.2456527722172
"CN","Chinook","06",1986,290,1,290,4.01395967762369,1164.04830651087,1,1164.04830651087,450.493747734132,0.246241561199638,1614.542054245,665.430622795048,0.363726858033563,1829.47892930592,2,5,1.2456527722172
"CN","Chinook","06",1987,231,1,231,4.01395967762369,927.224685531073,1,927.224685531073,358.841571470981,0.246241561199638,1286.06625700205,530.049909881573,0.363726858033563,1457.27459541265,2,5,1.2456527722172
"CN","Chinook","06",1988,70,2.23172899830183,156.221029881128,4.01395967762369,627.064914739695,1,627.064914739695,242.677921469087,0.246241561199638,869.742836208782,358.462955887873,0.363726858033563,985.527870627568,2,2.24041539264158,1.2456527722172
"CN","Chinook","06",1989,75,2.23172899830183,167.379674872638,4.01395967762369,671.855265792531,1,671.855265792531,260.012058716879,0.246241561199638,931.86732450941,384.067452737007,0.363726858033563,1055.92271852954,2,2.24041539264158,1.2456527722172
"CN","Chinook","06",1990,280,1,280,4.01395967762369,1123.90870973463,1,1123.90870973463,481.675161314843,0.229166666666667,1605.58387104948,977.946539639226,0.465277777777778,2101.85524937386,2,5,1.2456527722172
"CN","Chinook","06",1991,97,1,97,4.01395967762369,389.354088729498,1,389.354088729498,132.880477988416,0.237244897959184,522.234566717914,170.744270103395,0.30484693877551,560.098358832893,2,5,1.2456527722172
"CN","Chinook","06",1992,150,1,150,4.01395967762369,602.093951643554,1,602.093951643554,284.406188213538,0.291322314049587,886.500139857092,374.165588039796,0.383264462809917,976.25953968335,2,5,1.2456527722172
"CN","Chinook","06",1993,252,1,252,4.01395967762369,1011.51783876117,1,1011.51783876117,349.830970402043,0.228057014253563,1361.34880916321,522.444936060946,0.340585146286572,1533.96277482212,2,5,1.2456527722172
"CN","Chinook","06",1994,155,1,155,4.01395967762369,622.163750031672,1,622.163750031672,226.092781316238,0.24541691306919,848.25653134791,299.096233596662,0.324659964518037,921.259983628334,2,5,1.2456527722172
"CN","Chinook","06",1995,119,1,119,4.01395967762369,477.661201637219,1,477.661201637219,128.335146241847,0.199569892473118,605.996347879066,165.397451406518,0.257204301075269,643.058653043738,2,5,1.2456527722172
"CN","Chinook","06",1996,100,1.81186689716544,181.186689716543,4.01395967762369,727.276066644321,1,727.276066644321,113.532150956573,0.130854659584742,840.808217600894,140.344171846686,0.161757605021729,867.620238491007,2,2.75958460735842,1.2456527722172
"CN","Chinook","06",1997,150,1,150,4.01395967762369,602.093951643554,1,602.093951643554,104.62616208888,0.13922942206655,706.720113732434,149.371942101734,0.19877408056042,751.465893745288,2,5,1.2456527722172
"CN","Chinook","06",1998,230,1,230,4.01395967762369,923.210725853449,1,923.210725853449,241.709066155756,0.191588785046729,1164.91979200921,338.392692618059,0.268224299065421,1261.60341847151,2,5,1.2456527722172
"CN","Chinook","06",1999,82,1,82,4.01395967762369,329.144693565143,1,329.144693565143,46.8155192418135,0.113906359189378,375.960212806956,81.8553557295512,0.19916142557652,411.000049294694,2,5,1.2456527722172
"CN","Chinook","06",2000,25,6.69219473257138,167.304868314284,4.01395967762369,671.554995283679,1,671.554995283679,85.1048957156736,0.105162523900574,756.659890999353,137.715194885363,0.170172084130019,809.270190169042,2,0.747139047772273,1.2456527722172
"CN","Chinook","06",2001,217,1,217,4.01395967762369,871.029250044341,1,871.029250044341,189.205962338399,0.162518301610542,1060.23521238274,293.184013713555,0.251830161054173,1164.2132637579,2,5,1.2456527722172
"CN","Chinook","06",2002,205,1.1756791619018,241.01422818987,4.01395967762369,967.421393687732,1,967.421393687732,508.83852525134,0.32573726541555,1476.25991893907,594.691938976874,0.380697050938338,1562.11333266461,2,4.25286095222773,1.2456527722172
"CN","Chinook","06",2003,175,1,175,4.01395967762369,702.442943584146,1,702.442943584146,539.681773729283,0.411764705882353,1242.12471731343,608.212792615541,0.464052287581699,1310.65573619969,2,5,1.2456527722172
"CN","Chinook","06",2004,127,1,127,4.01395967762369,509.772879058209,1,509.772879058209,312.815175785719,0.342736248236953,822.588054843928,402.926543296008,0.441466854724965,912.699422354217,2,5,1.2456527722172
"CN","Chinook","06",2005,151,1,151,4.01395967762369,606.107911321177,1,606.107911321177,432.748014104583,0.354700854700855,1038.85592542576,613.928658564031,0.503205128205128,1220.03656988521,2,5,1.2456527722172
"CN","Chinook","06",2006,219,1.42583234144626,312.257282776732,4.01395967762369,1253.38814211014,1,1253.38814211014,322.936135331438,0.184191954834157,1576.32427744158,499.870493003452,0.285109386026817,1753.25863511359,2,3.5067236551307,1.2456527722172
"CN","Chinook","06",2007,500,1.81186689716544,905.933448582717,4.01395967762369,3636.3803332216,1,3636.3803332216,1793.50885213192,0.27455919395466,5429.88918535353,2895.94089885521,0.443324937027708,6532.32123207682,2,2.75958460735842,1.2456527722172
"CN","Chinook","06",2008,145,1.42583234144626,206.745689509708,4.01395967762369,829.868861214476,1,829.868861214476,131.395903025625,0.123376623376623,961.264764240102,235.129510677435,0.220779220779221,1064.99837189191,2,3.5067236551307,1.2456527722172
"CN","Chinook","06",2009,322,1.81186689716544,583.42114088727,4.01395967762369,2341.82893459471,1,2341.82893459471,1282.15134169061,0.320644216691069,3623.98027628532,1656.84397122576,0.414348462664714,3998.67290582047,2,2.75958460735842,1.2456527722172
"CN","Chinook","06",2010,70,1.1756791619018,82.2975413331262,4.01395967762369,330.339012478738,1,330.339012478738,129.345793753671,0.247572815533981,459.684806232409,192.116546604717,0.367718446601942,522.455559083455,2,4.25286095222773,1.2456527722172
"CN","Chinook","06",2011,4,1.81186689716544,7.24746758866174,4.01395967762369,29.0910426657728,1,29.0910426657728,26.2389796593245,0.404929577464789,55.3300223250973,35.7078288407329,0.551056338028169,64.7988715065058,2,2.75958460735842,1.2456527722172
"CN","Chinook","06",2012,30,1.81186689716544,54.3560069149631,4.01395967762369,218.182819993296,1,218.182819993296,80.4250540851202,0.231651376146789,298.607874078416,128.998601601876,0.371559633027523,347.181421595172,2,2.75958460735842,1.2456527722172
"CN","Chinook","06",2013,143,1.1756791619018,168.122120151958,4.01395967762369,674.835411206564,1,674.835411206564,111.740444410525,0.134723601456471,786.57585561709,154.569705658786,0.186362131744455,829.40511686535,2,4.25286095222773,1.2456527722172
"CN","Chinook","06",2014,205,1.1756791619018,241.01422818987,4.01395967762369,967.421393687732,1,967.421393687732,192.569098861768,0.154151404151404,1159.9904925495,281.799136750191,0.225579975579976,1249.22053043792,2,4.25286095222773,1.2456527722172
"CN","Chinook","06",2015,230,1.80000018000002,414.000041400004,4,1656.00016560002,1,1656.00016560002,308.544340214329,0.1502658003544,1964.54450581435,397.323607917508,0.193502658003544,2053.32377351752,2,2.7777775,1.25
"CN","Chinook","06",2016,123,1.17561031809664,144.600069125887,4,578.400276503547,1,578.400276503547,77.8271033208543,0.111182244985062,656.227379824401,121.595512674041,0.173708920187793,699.995789177588,2,4.25311,1.25
"CN","Chinook","06",2017,125,1.8000018000018,225.000225000225,4,900.0009000009,1,900.0009000009,121.100327711898,0.111182244985062,1021.1012277128,189.20473465928,0.173708920187793,1089.20563466018,2,2.777775,1.25
"CN","Chinook","08",1985,31560,1,31560,1.04435994930291,32960,1.02442354368932,33765,9255.69412258351,0.185591076842249,43020.6941225835,16106.439295817,0.322959183116417,49871.439295817,3,5,4.7876213592233
"CN","Chinook","08",1986,24600,1,24600,1.0469512195122,25755,1.00986216268686,26009,7465.45042543532,0.194333294415034,33474.4504254353,12406.7045652275,0.322959183116417,38415.7045652275,3,5,4.77577169481654
"CN","Chinook","08",1987,15569,1,15569,1.02569208041621,15969,1.04064124240716,16618,4787.63091172121,0.195054852774631,21405.6309117212,7927.0489624726,0.322959183116417,24545.0489624726,3,5,4.8747573423508
"CN","Chinook","08",1988,16300,1,16300,1.02791411042945,16755,1.03837660399881,17398,4739.62911682985,0.184442026036539,22137.6291168299,8299.12130515695,0.322959183116417,25697.121305157,3,5,4.86421963592957
"CN","Chinook","08",1989,24300,1,24300,1.03312757201646,25105,1.01262696673969,25422,7307.28606532074,0.194608249817748,32729.2860653207,12126.6962765663,0.322959183116417,37548.6962765663,3,5,4.83967337183828
"CN","Chinook","08",1990,19000,1,19000,1.03684210526316,19700,1.02954314720812,20282,6134.3698630137,0.171051148918843,26416.3698630137,15580.7808219178,0.434455456739024,35862.7808219178,3,5,4.82233502538071
"CN","Chinook","08",1991,20200,1,20200,1.04158415841584,21040,1.01154942965779,21283,5170.97160243407,0.179909931024466,26453.9716024341,7459.00202839756,0.259515743580699,28742.0020283976,3,5,4.80038022813688
"CN","Chinook","08",1992,30000,1,30000,1.035,31050,1.01262479871176,31442,12142.2426470588,0.249182836715298,43584.2426470588,17286.2463235294,0.354747967098139,48728.2463235294,3,5,4.83091787439614
"CN","Chinook","08",1993,35700,1,35700,1.00686274509804,35945,1.0335790791487,37152,11335.9049939099,0.205079264905401,48487.9049939099,18123.724725944,0.32787855456986,55275.724725944,3,5,4.96592015579357
"CN","Chinook","08",1994,28100,1,28100,1.01619217081851,28555,1.03358431097881,29514,5603.35930339138,0.144631335612367,35117.3593033914,9228.36021998166,0.238198193594361,38742.3602199817,3,5,4.92032918928384
"CN","Chinook","08",1995,33100,1,33100,1.01163141993958,33485,1.03356726892638,34609,10295.0517354289,0.214743655285633,44904.0517354289,13332.1218074656,0.278093655401061,47941.1218074656,3,5,4.94251157234583
"CN","Chinook","08",1996,27000,1,27000,1.02592592592593,27700,1.03357400722022,28630,8118.69118621604,0.213858267001792,36748.691186216,9332.95228628231,0.245843690340562,37962.9522862823,3,5,4.87364620938628
"CN","Chinook","08",1997,19400,1,19400,1.02525773195876,19890,1.03358471593766,20558,8336.109375,0.271407653351489,28894.109375,10156.3489583333,0.330671145662612,30714.3489583333,3,5,4.87682252388135
"CN","Chinook","08",1998,25000,1,25000,1.042,26050,1.03358925143954,26925,13675.5915492958,0.310415546838002,40600.5915492958,17130.7558685446,0.38884262750275,44055.7558685446,3,5,4.79846449136276
"CN","Chinook","08",1999,26800,1,26800,1.02350746268657,27430,1.0335763762304,28351,7846.44584139265,0.198430522419838,36197.4458413927,11191.5348162476,0.283025225071032,39542.5348162476,3,5,4.88516223113379
"CN","Chinook","08",2000,26200,1,26200,1.01603053435115,26620,1.0335837716003,27514,9199.24396782842,0.234547609093835,36713.2439678284,11707.2225201072,0.29849203486978,39221.2225201072,3,5,4.92111194590533
"CN","Chinook","08",2001,27795,1,27795,1.04777837740601,29123,1.03358170518147,30101,11415.2216981132,0.248986279620099,41516.2216981132,15745.7900943396,0.34344367537922,45846.7900943396,3,5,4.77200151083336
"CN","Chinook","08",2002,17700,1,17700,1.07316384180791,18995,1.03358778625954,19633,12474.5367088608,0.365335871993404,32107.5367088608,14512.3924050633,0.42501759045274,34145.3924050633,3,5,4.65912082126875
"CN","Chinook","08",2003,18700,1,18700,1.0692513368984,19995,1.0335583895974,20666,17280.8372093023,0.426581356569848,37946.8372093023,19844.0620155039,0.489855137913865,40510.0620155039,3,5,4.67616904226056
"CN","Chinook","08",2004,21000,1,21000,1.05833333333333,22225,1.03356580427447,22971,15323.5,0.355222241090191,38294.5,20166.7831325301,0.467496975228715,43137.7831325301,3,5,4.7244094488189
"CN","Chinook","08",2005,19700,1,19700,1.03908629441624,20470,1.03356130923302,21157,19093.6342105263,0.39786990218942,40250.6342105263,26832.6421052632,0.55913403243156,47989.6421052632,3,5,4.81191988275525
"CN","Chinook","08",2006,29700,1,29700,1.04360269360269,30995,1.03358606226811,32036,12096.8427947598,0.246200576836868,44132.8427947598,17098.096069869,0.347988412070416,49134.096069869,3,5,4.79109533795774
"CN","Chinook","08",2007,13300,1,13300,1.06052631578947,14105,1.03360510457285,14579,7867.18617021276,0.284610970551175,22446.1861702128,13062.8936170213,0.472575931229886,27641.8936170213,3,5,4.71464019851117
"CN","Chinook","08",2008,10100,1,10100,1.03811881188119,10485,1.03357176919409,10837,3961.73684210526,0.244179992441654,14798.7368421053,5387.65789473684,0.332066039832159,16224.6578947368,3,5,4.81640438721984
"CN","Chinook","08",2009,12000,1,12000,1.04083333333333,12490,1.03354683746998,12909,9976.625,0.390724975400085,22885.625,12624.625,0.494431362566028,25533.625,3,5,4.80384307445957
"CN","Chinook","08",2010,14988.7173577808,1,14988.7173577808,1.03738029271253,15549,1.03357129075825,16071,11295.3741007194,0.362242629610668,27366.3741007194,15110.7913669065,0.4846030553249,31181.7913669065,3,5,4.81983322328791
"CN","Chinook","08",2011,9850,1,9850,1.02670050761421,10113,1.03352121032335,10452,9505.48820754717,0.393956994529916,19957.4882075472,13676.2382075472,0.566814621519665,24128.2382075472,3,5,4.86996934638584
"CN","Chinook","08",2012,6709.49882075472,1,6709.49882075472,1.04747018931728,7028,1.03357996585088,7264,4008.48749350874,0.301275084816439,11272.4874935087,6041.07464947204,0.454042897813562,13305.074649472,3,5,4.77340553553978
"CN","Chinook","08",2013,28662.2848761792,1,28662.2848761792,1.04743917415149,30022,1.03357537805609,31030,13269.6330146514,0.284471016938232,44299.6330146514,15616.6958830207,0.334786753646685,46646.6958830207,3,5,4.77354687831911
"CN","Chinook","08",2014,24061.6509433962,1,24061.6509433962,1.04743436181037,25203,1.03356743244852,26049,13282.0237370663,0.314250137590488,39331.0237370663,16216.7690427958,0.383685649405211,42265.7690427958,3,5,4.77356880994251
"CN","Chinook","08",2015,46094,1,46094,1.01138976873346,46619,1.03357000364658,48184,18105.1906745025,0.261918185418273,66289.1906745025,20941.3669369663,0.302947642304195,69125.3669369663,3,5,4.94369248589631
"CN","Chinook","08",2016,28496.8610259434,1,28496.8610259434,1.04744869874705,29849,1.03356896378438,30851,15764.1597369683,0.318429922908608,46615.1597369683,18654.8994235689,0.376821745302695,49505.8994235689,3,5,4.77350347179862
"CN","Chinook","08",2017,11664,1,11664,1.02194787379973,11920,1.03355704697987,12320,6508.18903821554,0.325693237675139,18828.1890382155,7662.57343220339,0.383462793628702,19982.5734322034,3,5,4.89261744966443
"CN","Chinook","10",1985,230,1,230,1,230,1.5,345,391.929733996911,0.468600348115622,736.929733996911,491.383787534462,0.587509938449417,836.383787534462,2,5,3.33333333333333
"CN","Chinook","10",1986,532,1,532,1,532,1.5,798,455.919531491334,0.309433929082929,1253.91953149133,675.398643912597,0.458395049230588,1473.3986439126,2,5,3.33333333333333
"CN","Chinook","10",1987,1050,1,1050,1,1050,1.5,1575,367.697848970251,0.164119248599497,1942.69784897025,665.430979961106,0.297010256469788,2240.43097996111,2,5,3.33333333333333
"CN","Chinook","10",1988,1050,1,1050,1,1050,1.5,1575,246.800021881838,0.119513683062856,1821.80002188184,490.035697645077,0.23730132036163,2065.03569764508,2,5,3.33333333333333
"CN","Chinook","10",1989,225,1,225,1,225,1.5,337.5,97.8047717521881,0.197440525988264,435.304771752188,157.863205008893,0.318681733751418,495.363205008893,2,5,3.33333333333333
"CN","Chinook","10",1990,510,1,510,1,510,1.5,765,136.518534863195,0.13011083981742,901.518534863195,284.247972380835,0.270906382345301,1049.24797238083,2,5,3.33333333333333
"CN","Chinook","10",1991,500,1.04146706586826,520.733532934132,1,520.733532934132,1.5,781.100299401198,186.349737377478,0.162151428495454,967.450036778676,368.132483230147,0.320328908811017,1149.23278263134,2,5,3.33333333333333
"CN","Chinook","10",1992,500,1.04146706586826,520.733532934132,1,520.733532934132,1.5,781.100299401198,345.150771229902,0.274450649254063,1126.2510706311,476.505656962898,0.378899014076347,1257.6059563641,2,5,3.33333333333333
"CN","Chinook","10",1993,1050,1,1050,1,1050,1.5,1575,286.626531085082,0.14068576608948,1861.62653108508,462.352740452639,0.226937992264372,2037.35274045264,2,5,3.33333333333333
"CN","Chinook","10",1994,765,1,765,1,765,1.5,1147.5,160.974770520741,0.115978525388962,1308.47477052074,240.470488337158,0.173253315079668,1387.97048833716,2,5,3.33333333333333
"CN","Chinook","10",1995,400,1.04146706586826,416.586826347305,1,416.586826347305,1.5,624.880239520958,48.9190870190287,0.069795338676208,673.799326539987,76.0130858337951,0.108451718805171,700.893325354753,2,5,3.33333333333333
"CN","Chinook","10",1996,250,1.04146706586826,260.366766467066,1,260.366766467066,1.5,390.550149700599,30.9202146982806,0.0704430011568067,421.470364398879,48.3893359901362,0.110241474206834,438.939485690735,2,5,3.33333333333333
"CN","Chinook","10",1997,100,1.04146706586826,104.146706586826,1,104.146706586826,1.5,156.22005988024,31.2563895949895,0.154207990212286,187.476449475229,46.4697589285088,0.229265382946324,202.689818808748,2,5,3.33333333333333
"CN","Chinook","10",1998,1100,1.04146706586826,1145.61377245509,1,1145.61377245509,1.5,1718.42065868263,225.983186297309,0.114838791893755,1944.40384497994,249.409049125331,0.126743207573158,1967.82970780797,2,5,3.33333333333333
"CN","Chinook","10",1999,500,1.04146706586826,520.733532934132,1,520.733532934132,1.5,781.100299401198,117.213310634139,0.123092729344508,898.313610035336,171.135557731236,0.179719715918485,952.235857132434,2,5,3.33333333333333
"CN","Chinook","10",2000,500,1.04146706586826,520.733532934132,1,520.733532934132,1.5,781.100299401198,96.9136344016773,0.105025585091108,878.013933802875,141.661847723296,0.153519352917479,922.762147124494,2,5,3.33333333333333
"CN","Chinook","10",2001,300,1.04146706586826,312.440119760479,1,312.440119760479,1.5,468.660179640719,78.6813444203065,0.134874849734235,547.341524061025,114.705396486666,0.196626954315897,583.365576127385,2,5,3.33333333333333
"CN","Chinook","10",2002,300,1.04146706586826,312.440119760479,1,312.440119760479,1.5,468.660179640719,73.9772940419271,0.128299977561631,542.637473682646,107.936133530035,0.18719532377251,576.596313170753,2,5,3.33333333333333
"CN","Chinook","10",2003,300,1.04146706586826,312.440119760479,1,312.440119760479,1.5,468.660179640719,75.6372160159599,0.135415532326328,544.297395656678,89.8962482414781,0.16094389707827,558.556427882197,2,5,3.33333333333333
"CN","Chinook","10",2004,480,1.04146706586826,499.904191616766,1,499.904191616766,1.5,749.85628742515,146.35130598936,0.145045761826306,896.20759341451,259.144624746402,0.256832894420954,1009.00091217155,2,5,3.33333333333333
"CN","Chinook","10",2005,300,1.04146706586826,312.440119760479,1,312.440119760479,1.5,468.660179640719,83.8869548089176,0.137286405653251,552.547134449636,142.375956164262,0.233007424310014,611.036135804981,2,5,3.33333333333333
"CN","Chinook","10",2006,700,1.04146706586826,729.026946107784,1,729.026946107784,1.5,1093.54041916168,191.471852318188,0.134611413828317,1285.01227147987,328.863869395842,0.231202810650513,1422.40428855752,2,5,3.33333333333333
"CN","Chinook","10",2007,600,1.04146706586826,624.880239520958,1,624.880239520958,1.5,937.320359281437,113.18625940339,0.10063855483119,1050.50661868483,187.360530594694,0.16658994767425,1124.68088987613,2,5,3.33333333333333
"CN","Chinook","10",2008,315,1.04146706586826,328.062125748503,1,328.062125748503,1.5,492.093188622754,25.3875695088044,0.045315337014967,517.480758131559,68.1491306701434,0.121642240015279,560.242319292898,2,5,3.33333333333333
"CN","Chinook","10",2009,,,,,,,,,,,,,,,,
"CN","Chinook","10",2010,,,,,,,,,,,,,,,,
"CN","Chinook","10",2011,250,1.04146706586826,260.366766467066,1,260.366766467066,1.5,390.550149700599,61.9077287682817,0.099393919672395,452.457878468881,232.302123077568,0.37296504039619,622.852272778167,2,5,3.33333333333333
"CN","Chinook","10",2012,,,,,,,,,,,,,,,,
"CN","Chinook","10",2013,,,,,,,,,,,,,,,,
"CN","Chinook","10",2014,,,,,,,,,,,,,,,,
"CN","Chinook","10",2015,,,,,,,,,,,,,,,,
"CN","Chinook","10",2016,,,,,,,,,,,,,,,,
"CN","Chinook","10",2017,,,,,,,,,,,,,,,,
"CN","Chinook","9S",1985,358,1,358,1.44300144300144,516.594516594517,1.5,774.891774891775,160.469269095492,0.15115867285158,935.361043987266,286.70307817401,0.270068263185375,1061.59485306578,2,3.465,3.33333333333333
"CN","Chinook","9S",1986,261,1,261,1.44300144300144,376.623376623377,1.5,564.935064935065,158.443925669084,0.186405663935868,723.378990604149,285.060167632522,0.335366784083528,849.995232567587,2,3.465,3.33333333333333
"CN","Chinook","9S",1987,732,1,732,1.44300144300144,1056.27705627706,1.5,1584.41558441558,375.133515614722,0.165998210830096,1959.54910003031,675.449228215929,0.298889218700387,2259.86481263151,2,3.465,3.33333333333333
"CN","Chinook","9S",1988,405,1,405,1.44300144300144,584.415584415584,1.5,876.623376623377,215.250525064814,0.173918136514209,1091.87390168819,361.030897847462,0.291705773812983,1237.65427447084,2,3.465,3.33333333333333
"CN","Chinook","9S",1989,251,1,251,1.44300144300144,362.193362193362,1.5,543.290043290043,108.086278905077,0.145817041043055,651.37632219512,197.955822981254,0.267058248806209,741.245866271297,2,3.465,3.33333333333333
"CN","Chinook","9S",1990,535,1,535,1.44300144300144,772.005772005772,1.5,1158.00865800866,229.378585347496,0.142053420141347,1387.38724335615,456.726032076647,0.282848962669229,1614.73469008531,2,3.465,3.33333333333333
"CN","Chinook","9S",1991,135,1.11661022167488,150.742379926108,1.44300144300144,217.521471754846,1.5,326.282207632269,80.071502241268,0.165880099366239,406.353709873537,156.424895553639,0.324057579681802,482.707103185908,2,3.465,3.33333333333333
"CN","Chinook","9S",1992,560,1.11661022167488,625.301724137931,1.44300144300144,902.311290242325,1.5,1353.46693536349,302.588568516172,0.163632007916344,1656.05550387966,495.734650373139,0.268080372738629,1849.20158573663,2,3.465,3.33333333333333
"CN","Chinook","9S",1993,435,1,435,1.44300144300144,627.705627705628,1.5,941.558441558442,251.656603788782,0.192715187741763,1193.21504534722,364.28883876074,0.278967413916655,1305.84728031918,2,3.465,3.33333333333333
"CN","Chinook","9S",1994,300,1.16665773107442,349.997319322325,1.44300144300144,505.046636828751,1.5,757.569955243127,157.462980474514,0.162228391557669,915.032935717641,213.055340135822,0.219503181248374,970.625295378949,2,3.465,3.33333333333333
"CN","Chinook","9S",1995,100,1.16665773107442,116.665773107442,1.44300144300144,168.348878942917,1.5,252.523318414376,29.0110701035236,0.0990628793039279,281.534388517899,40.3317884366656,0.137719259432891,292.855106851041,2,3.465,3.33333333333333
"CN","Chinook","9S",1996,500,1.16665773107442,583.328865537208,1.44300144300144,841.744394714586,1.5,1262.61659207188,164.327365360261,0.110577143774122,1426.94395743214,223.471398190695,0.15037561682415,1486.08799026257,2,3.465,3.33333333333333
"CN","Chinook","9S",1997,980,1.11661022167488,1094.27801724138,1.44300144300144,1579.04475792407,1.5,2368.5671368861,756.697597342168,0.223949619669702,3125.26473422827,1010.30708696033,0.29900701240374,3378.87422384643,2,3.465,3.33333333333333
"CN","Chinook","9S",1998,1812,1,1812,1.44300144300144,2614.71861471861,1.5,3922.07792207792,990.073992304764,0.199156654150413,4912.15191438269,1049.25480355127,0.211061069829815,4971.33272562919,2,3.465,3.33333333333333
"CN","Chinook","9S",1999,2191,1,2191,1.44300144300144,3161.61616161616,1.5,4742.42424242424,1334.80903893669,0.207203305700322,6077.23328136094,1699.60154681305,0.263830292274299,6442.02578923729,2,3.465,3.33333333333333
"CN","Chinook","9S",2000,2509,1,2509,1.44300144300144,3620.49062049062,1.5,5430.73593073593,1244.92007399835,0.177443116920258,6675.65600473428,1585.14665521871,0.225936884746629,7015.88258595465,2,3.465,3.33333333333333
"CN","Chinook","9S",2001,2589,1,2589,1.44300144300144,3735.93073593074,1.5,5603.8961038961,1778.9624732907,0.226078798495583,7382.8585771868,2264.87569217064,0.287830903077244,7868.77179606675,2,3.465,3.33333333333333
"CN","Chinook","9S",2002,2780,1,2780,1.44300144300144,4011.54401154401,1.5,6017.31601731602,1790.01220327615,0.215770205535784,7807.32822059216,2278.60324007785,0.274665551746663,8295.91925739387,2,3.465,3.33333333333333
"CN","Chinook","9S",2003,980,1.11661022167488,1094.27801724138,1.44300144300144,1579.04475792407,1.5,2368.5671368861,717.156270076739,0.226477992697968,3085.72340696284,797.993382012275,0.252006357449909,3166.56051889838,2,3.465,3.33333333333333
"CN","Chinook","9S",2004,1190,1,1190,1.44300144300144,1717.17171717172,1.5,2575.75757575758,953.918800151853,0.240045506306919,3529.67637590943,1398.15060035377,0.351832638901567,3973.90817611134,2,3.465,3.33333333333333
"CN","Chinook","9S",2005,1275,1,1275,1.44300144300144,1839.82683982684,1.5,2759.74025974026,958.373295544008,0.233085088595375,3718.11355528427,1351.94831424527,0.328806107252137,4111.68857398553,2,3.465,3.33333333333333
"CN","Chinook","9S",2006,1110,1,1110,1.44300144300144,1601.7316017316,1.5,2402.5974025974,857.348267894859,0.237591628641727,3259.94567049226,1205.89786634865,0.334183025463924,3608.49526894605,2,3.465,3.33333333333333
"CN","Chinook","9S",2007,660,1,660,1.44300144300144,952.380952380952,1.5,1428.57142857143,342.661885468216,0.180700562884848,1771.23331403965,467.725295676073,0.246651955727909,1896.2967242475,2,3.465,3.33333333333333
"CN","Chinook","9S",2008,700,1,700,1.44300144300144,1010.10101010101,1.5,1515.15151515152,239.297285681946,0.125983992730058,1754.44880083346,384.274598407852,0.20231089573037,1899.42611355937,2,3.465,3.33333333333333
"CN","Chinook","9S",2009,710,1,710,1.44300144300144,1024.53102453102,1.5,1536.79653679654,284.447546221099,0.139932962692841,1821.24408301764,495.945004204597,0.243978387906778,2032.74154100113,2,3.465,3.33333333333333
"CN","Chinook","9S",2010,225,1.16665773107442,262.497989491744,1.44300144300144,378.784977621564,1.5,568.177466432345,188.219486784183,0.22536655287316,756.396953216528,266.992989807077,0.319686822986153,835.170456239423,2,3.465,3.33333333333333
"CN","Chinook","9S",2011,200,2.95658967391304,591.317934782609,1.44300144300144,853.272633163937,1.5,1279.90894974591,524.438920709098,0.211138652173244,1804.347870455,1203.95137289547,0.484709772897039,2483.86032264137,2,3.465,3.33333333333333
"CN","Chinook","9S",2012,170,1.92707226354942,327.602284803401,1.44300144300144,472.730569701877,1.5,709.095854552815,164.9634618454,0.169094924673282,874.059316398215,266.471343363594,0.273145042117772,975.56719791641,2,3.465,3.33333333333333
"CN","Chinook","9S",2013,500,1.92707226354942,963.536131774708,1.44300144300144,1390.38402853493,1.5,2085.5760428024,483.465816610966,0.155738047889993,2569.04185941336,1018.77657469327,0.328176821457587,3104.35261749567,2,3.465,3.33333333333333
"CN","Chinook","9S",2014,300,1.92707226354942,578.121679064825,1.44300144300144,834.230417120959,1.5,1251.34562568144,375.91057077071,0.152952677644079,1627.25619645215,1206.34636481417,0.490845219612286,2457.69199049561,2,3.465,3.33333333333333
"CN","Chinook","9S",2015,283,1.16665773107442,330.16413789406,1.44300144300144,476.427327408455,1.5,714.640991112683,405.285104591474,0.22875434468542,1119.92609570416,1057.06352076803,0.596636467130699,1771.70451188071,3,3.465,3.33333333333333
"CN","Chinook","9S",2016,159,1.16665773107442,185.498579240832,1.44300144300144,267.674717519238,1.5,401.512076278857,132.144731417335,0.172494514660278,533.656807696193,364.568698391515,0.47588806617472,766.080774670373,4,3.465,3.33333333333333
"CN","Chinook","9S",2017,192,1.16665773107442,223.998284366288,1.44300144300144,323.229847570401,1.5,484.844771355601,137.656932570811,0.178158729367574,622.501703926413,287.819768066433,0.372502882404474,772.664539422035,5,3.465,3.33333333333333
"CN","Chinook","9W",1985,3000,1,3000,1,3000,1.94233333333333,5827,1206.69035511446,0.151158672851579,7033.69035511446,2155.93827506206,0.270068263185375,7982.93827506206,2,5,2.57422344259482
"CN","Chinook","9W",1986,6000,1,6000,1,6000,1.94233333333333,11654,3268.52699426569,0.186405663935868,14922.5269942657,5880.48326221574,0.335366784083528,17534.4832622157,2,5,2.57422344259482
"CN","Chinook","9W",1987,4500,1,4500,1,4500,1.94222222222222,8740,2069.3225683475,0.165998210830096,10809.3225683475,3725.93296397341,0.298889218700387,12465.9329639734,2,5,2.57437070938215
"CN","Chinook","9W",1988,4000,1,4000,1,4000,1.94225,7769,1907.63944223108,0.173918136514209,9676.63944223108,3199.60557768924,0.291705773812983,10968.6055776892,2,5,2.57433389110568
"CN","Chinook","9W",1989,3000,1,3000,1,3000,1.94233333333333,5827,1159.26797289683,0.145817041043055,6986.26797289683,2123.15427966707,0.267058248806209,7950.15427966707,2,5,2.57422344259482
"CN","Chinook","9W",1990,3500,1,3500,1,3500,1.94228571428571,6798,1346.54919236417,0.142053420141347,8144.54919236417,2681.17474302496,0.282848962669229,9479.17474302496,2,5,2.57428655486908
"CN","Chinook","9W",1991,4000,1,4000,1,4000,1.94225,7769,1906.55661375661,0.165880099366239,9675.55661375661,3724.58253968254,0.324057579681802,11493.5825396825,2,5,2.57433389110568
"CN","Chinook","9W",1992,7500,1,7500,1,7500,1.94226666666667,14567,3256.67924528302,0.163632007916344,17823.679245283,5335.45849056604,0.268080372738629,19902.458490566,2,5,2.57431180064529
"CN","Chinook","9W",1993,8000,1,8000,1,8000,1.94225,15538,4152.94488061513,0.192715187741763,19690.9448806151,6011.6501821125,0.278967413916655,21549.6501821125,2,5,2.57433389110568
"CN","Chinook","9W",1994,3500,1,3500,1,3500,1.94228571428571,6798,1412.98283261802,0.162228391557668,8210.98283261802,1911.83690987124,0.219503181248374,8709.83690987124,2,5,2.57428655486908
"CN","Chinook","9W",1995,3000,1,3000,1,3000,1.94233333333333,5827,669.433248995386,0.0990628793039278,6496.43324899539,930.659919630897,0.137719259432891,6757.6599196309,2,5,2.57422344259482
"CN","Chinook","9W",1996,2500,1,2500,1,2500,1.9424,4856,632,0.110577143774122,5488,859.466853538893,0.15037561682415,5715.46685353889,2,5,2.57413509060956
"CN","Chinook","9W",1997,4000,1,4000,1,4000,1.94225,7769,2482,0.223949619669702,10251,3313.84981086658,0.299007012403741,11082.8498108666,2,5,2.57433389110568
"CN","Chinook","9W",1998,3500,1,3500,1,3500,1.94228571428571,6798,1716.0604999204,0.199156654150413,8514.0604999204,1818.63652284668,0.211061069829815,8616.63652284668,2,5,2.57428655486908
"CN","Chinook","9W",1999,500,1,500,1,500,1.942,971,273.298952298074,0.207203305700322,1244.29895229807,347.989344182303,0.263830292274299,1318.9893441823,2,5,2.57466529351184
"CN","Chinook","9W",2000,4500,1,4500,1,4500,1.94222222222222,8740,2003.52246647926,0.177443116920258,10743.5224664793,2551.06894227762,0.225936884746629,11291.0689422776,2,5,2.57437070938215
"CN","Chinook","9W",2001,3000,1,3000,1,3000,1.94233333333333,5827,1849.78703025167,0.226078798495583,7676.78703025167,2355.04556358617,0.287830903077244,8182.04556358617,2,5,2.57422344259482
"CN","Chinook","9W",2002,2800,1,2800,1,2800,1.94214285714286,5438,1617.67910035038,0.215770205535784,7055.67910035038,2059.23112296009,0.274665551746663,7497.23112296009,2,5,2.57447591026113
"CN","Chinook","9W",2003,1000,1,1000,1,1000,1.942,1942,588,0.226477992697968,2530,654.278750952018,0.252006357449909,2596.27875095202,2,5,2.57466529351184
"CN","Chinook","9W",2004,3000,1,3000,1,3000,1.94233333333333,5827,2158,0.240045506306919,7985,3162.96208344267,0.351832638901567,8989.96208344267,2,5,2.57422344259482
"CN","Chinook","9W",2005,4500,1,4500,1,4500,1.94222222222222,8740,3035.13440204803,0.233085088595375,11775.134402048,4281.57259539193,0.328806107252137,13021.5725953919,2,5,2.57437070938215
"CN","Chinook","9W",2006,3000,1,3000,1,3000,1.94233333333333,5827,2079.31980265296,0.237591628641727,7906.31980265296,2924.6543177051,0.334183025463924,8751.6543177051,2,5,2.57422344259482
"CN","Chinook","9W",2007,4500,1,4500,1,4500,1.94222222222222,8740,2096.40541529455,0.180700562884848,10836.4054152945,2861.54335894621,0.246651955727909,11601.5433589462,2,5,2.57437070938215
"CN","Chinook","9W",2008,5000,1,5000,1,5000,1.9422,9711,1533.71852122987,0.125983992730058,11244.7185212299,2462.91581259151,0.20231089573037,12173.9158125915,2,5,2.57440016476161
"CN","Chinook","9W",2009,3800,1,3800,1,3800,1.94236842105263,7381,1366.15829642249,0.139932962692841,8747.15829642249,2381.94841567291,0.243978387906778,9762.94841567291,2,5,2.57417694079393
"CN","Chinook","9W",2010,4000,1,4000,1,4000,1.94225,7769,2573.62757099139,0.22536655287316,10342.6275709914,3650.74058785852,0.319686822986153,11419.7405878585,2,5,2.57433389110568
"CN","Chinook","9W",2011,4200,1,4200,1,4200,1.94214285714286,8157,3342.30671414039,0.211138652173244,11499.3067141404,7672.91403865717,0.484709772897039,15829.9140386572,2,5,2.57447591026113
"CN","Chinook","9W",2012,3800,1,3800,1,3800,1.10526315789474,4200,977.08445945946,0.169094924673282,5177.08445945946,1578.31925675676,0.273145042117772,5778.31925675676,4,5,4.52380952380952
"CN","Chinook","9W",2013,4000,1,4000,1,4000,1.6,6400,1483.60988178236,0.155738047889993,7883.60988178236,3126.31615641103,0.328176821457587,9526.31615641103,4,5,3.125
"CN","Chinook","9W",2014,3740,1,3740,1,3740,1.05882352941176,3960,1189.60407876231,0.152952677644079,5149.60407876231,3817.59563994374,0.490845219612286,7777.59563994374,4,5,4.72222222222222
"CN","Chinook","9W",2015,5054,1,5054,1,5054,1.88761377127028,9540,5410.29684259046,0.22875434468542,14950.2968425905,14111.1216870247,0.596636467130699,23651.1216870247,4,5,2.64884696016771
"CN","Chinook","9W",2016,5200,1,5200,1,5200,1.50769230769231,7840,2580.28277483833,0.172494514660278,10420.2827748383,7118.63668430335,0.47588806617472,14958.6366843034,4,5,3.31632653061224
"CN","Chinook","9W",2017,1029,1,1029,1,1029,5.80174927113703,5970,1695,0.178158729367574,7665,3543.98792535675,0.372502882404474,9513.98792535675,4,5,0.861809045226131
