"SpeciesId","Species Name","CU","CU Name","Year","T_Idx_E","ExpFactor1","AdjSum","ExpFactor2","ObsE","ExpFactor3","TE","CDN Harvest","CDN ER","TRTC","Total Harvest","Total ER","Total Run","Q1","Q2","Q3"
"PKe","Pink (even years)","PKe_10","East Haida Gwaii",1954,402900,1.07470761942964,432999.699868202,1.05812549357058,458168.021138953,1.5,687252.031708429,317206.196619351,0.315798295711545,1004458.22832778,317206.196619351,0.315798295711545,1004458.22832778,3.17391304347826,4.65242816707074,4.72533742961605
"PKe","Pink (even years)","PKe_10","East Haida Gwaii",1956,261400,1.11174391996606,290609.860679128,1.05812549357058,307501.702267578,1.5,461252.553401367,153840.876034751,0.250109769788605,615093.429436118,153840.876034751,0.250109769788605,615093.429436118,3.17391304347826,4.49743858293612,4.72533742961605
"PKe","Pink (even years)","PKe_10","East Haida Gwaii",1958,306825,1.07315056411571,329269.421834803,1.05812549357058,348408.369496649,1.5,522612.554244973,424272.711439423,0.448071933121448,946885.265684396,424272.711439423,0.448071933121448,946885.265684396,3.17391304347826,4.65917846683523,4.72533742961605
"PKe","Pink (even years)","PKe_10","East Haida Gwaii",1960,361870,1.08058268015355,391030.454467166,1.05812549357058,413759.292634196,1.5,620638.938951295,195954.998319465,0.239966266433952,816593.937270759,195954.998319465,0.239966266433952,816593.937270759,3.17391304347826,4.62713320492005,4.72533742961605
"PKe","Pink (even years)","PKe_10","East Haida Gwaii",1962,663550,1.01568376846003,673956.964561653,1.05812549357058,713131.045772126,1.5,1069696.56865819,843466.252365175,0.440875310295858,1913162.82102336,843466.252365175,0.440875310295858,1913162.82102336,3.17391304347826,4.92279206901273,4.72533742961605
"PKe","Pink (even years)","PKe_10","East Haida Gwaii",1964,125700,1.01568376846003,127671.449695426,1.05812549357058,135092.415723843,1.5,202638.623585765,37648.8515142302,0.156682538274468,240287.475099995,37648.8515142302,0.156682538274468,240287.475099995,3.17391304347826,4.92279206901273,4.72533742961605
"PKe","Pink (even years)","PKe_10","East Haida Gwaii",1966,471975,1.0155803685854,479328.544463096,1.05812549357058,507189.752692479,1.5,760784.629038719,275352.031880612,0.265748759083866,1036136.66091933,275352.031880612,0.265748759083866,1036136.66091933,3.17391304347826,4.92329327610425,4.72533742961605
"PKe","Pink (even years)","PKe_10","East Haida Gwaii",1968,746660,1.01492086512618,757800.813155113,1.05812549357058,801848.359447938,1.5,1202772.53917191,484517.872719198,0.287157367400763,1687290.41189111,484517.872719198,0.287157367400763,1687290.41189111,3.17391304347826,4.92649247030543,4.72533742961605
"PKe","Pink (even years)","PKe_10","East Haida Gwaii",1970,807760,1.01643239509085,821033.431458583,1.05812549357058,868756.404900056,1.5,1303134.60735008,577411.702100041,0.307044659947181,1880546.30945013,577411.702100041,0.307044659947181,1880546.30945013,3.17391304347826,4.91916631558473,4.72533742961605
"PKe","Pink (even years)","PKe_10","East Haida Gwaii",1972,734825,1.00006398797822,734872.019966098,1.05812549357058,777586.818837833,1.5,1166380.22825675,376258.552697785,0.243905804354905,1542638.78095454,376258.552697785,0.243905804354905,1542638.78095454,3.17391304347826,4.99968008057988,4.72533742961605
"PKe","Pink (even years)","PKe_10","East Haida Gwaii",1974,378449,1.01014740524456,382289.2753674,1.05812549357058,404510.028184868,1.5,606765.042277302,221517.823619274,0.26744223832216,828282.865896576,221517.823619274,0.26744223832216,828282.865896576,3.17391304347826,4.94977265104142,4.72533742961605
"PKe","Pink (even years)","PKe_10","East Haida Gwaii",1976,515200,1.00085384688618,515639.901915762,1.05812549357058,545611.725719299,1.5,818417.588578948,1617835.78901012,0.664067130246994,2436253.37758906,1617835.78901012,0.664067130246994,2436253.37758906,3.17391304347826,4.99573440773176,4.72533742961605
"PKe","Pink (even years)","PKe_10","East Haida Gwaii",1978,473710,1.0078784244011,477442.088423047,1.05812549357058,505193.645464003,1.5,757790.468196004,246460.750155604,0.245417427085772,1004251.21835161,246460.750155604,0.245417427085772,1004251.21835161,3.17391304347826,4.96091579991017,4.72533742961605
"PKe","Pink (even years)","PKe_10","East Haida Gwaii",1980,251685,1.00106276249057,251952.48137744,1.05812549357058,266597.343713835,1.5,399896.015570752,1002.83622543548,0.0025014694378454,400898.851796188,1002.83622543548,0.0025014694378454,400898.851796188,3.17391304347826,4.9946918288723,4.72533742961605
"PKe","Pink (even years)","PKe_10","East Haida Gwaii",1982,146260,1.00052694763164,146337.071360604,1.05812549357058,154842.985861111,1.5,232264.478791667,98.9838348136712,0.000425987088050868,232363.462626481,98.9838348136712,0.000425987088050868,232363.462626481,3.17391304347826,4.99736664947962,4.72533742961605
"PKe","Pink (even years)","PKe_10","East Haida Gwaii",1984,187185,1.00023228643129,187228.480535641,1.05812549357058,198111.228377245,1.5,297166.842565867,43618.8765412245,0.127995024719675,340785.719107091,43618.8765412245,0.127995024719675,340785.719107091,3.17391304347826,4.99883883756582,4.72533742961605
"PKe","Pink (even years)","PKe_10","East Haida Gwaii",1986,669704,1.00023228643129,669859.563152182,1.05812549357058,708795.480883373,1.5,1063193.22132506,353087.336820949,0.24930606777739,1416280.55814601,353087.336820949,0.24930606777739,1416280.55814601,3.17391304347826,4.99883883756582,4.72533742961605
"PKe","Pink (even years)","PKe_10","East Haida Gwaii",1988,552956,1,552956,1.05812549357058,585096.840422811,1.5,877645.260634217,138219.427195066,0.136060864060956,1015864.68782928,138219.427195066,0.136060864060956,1015864.68782928,3.17391304347826,5,4.72533742961605
"PKe","Pink (even years)","PKe_10","East Haida Gwaii",1990,840104,1,840104,1.05812549357058,888935.459650615,1.5,1333403.18947592,335353.233001857,0.200959965447757,1668756.42247778,335353.233001857,0.200959965447757,1668756.42247778,3.17391304347826,5,4.72533742961605
"PKe","Pink (even years)","PKe_10","East Haida Gwaii",1992,634693,1,634693,1.05812549357058,671584.843890789,1.5,1007377.26583618,23604.1451745571,0.0228948310051646,1030981.41101074,23604.1451745571,0.0228948310051646,1030981.41101074,3.17391304347826,5,4.72533742961605
"PKe","Pink (even years)","PKe_10","East Haida Gwaii",1994,476127,1,476127,1.05812549357058,503802.116877277,1.5,755703.175315916,84799.1513338576,0.100891036996727,840502.326649774,84799.1513338576,0.100891036996727,840502.326649774,3.17391304347826,5,4.72533742961605
"PKe","Pink (even years)","PKe_10","East Haida Gwaii",1996,579371,1,579371,1.05812549357058,613047.225335478,1.5,919570.838003217,20631.6306200011,0.0219438166868599,940202.468623218,20631.6306200011,0.0219438166868599,940202.468623218,3.17391304347826,5,4.72533742961605
"PKe","Pink (even years)","PKe_10","East Haida Gwaii",1998,519910,1,519910,1.05812549357058,550130.025362278,1.5,825195.038043417,149803.535378411,0.153644876476757,974998.573421828,149803.535378411,0.153644876476757,974998.573421828,3.17391304347826,5,4.72533742961605
"PKe","Pink (even years)","PKe_10","East Haida Gwaii",2000,278882,1.02485826848421,285814.523631412,1.05812549357058,302427.633887127,1.5,453641.450830691,14409.6467407538,0.0307864821074462,468051.097571444,14409.6467407538,0.0307864821074462,468051.097571444,3.17391304347826,4.87872338425404,4.72533742961605
"PKe","Pink (even years)","PKe_10","East Haida Gwaii",2002,399611,1,399611,1.05812549357058,422838.586611231,1.5,634257.879916847,20762.609229704,0.0316976485067762,655020.489146551,20762.609229704,0.0316976485067762,655020.489146551,3.17391304347826,5,4.72533742961605
"PKe","Pink (even years)","PKe_10","East Haida Gwaii",2004,212075,1.14330314976943,242466.015487353,1.05812549357058,256559.472311646,1.5,384839.208467469,0,0,384839.208467469,0,0,384839.208467469,3.17391304347826,4.37329329584051,4.72533742961605
"PKe","Pink (even years)","PKe_10","East Haida Gwaii",2006,180568,1.00633652743898,181712.174086602,1.05812549357058,192274.283893168,1.5,288411.425839751,35080.2709926512,0.108442570044776,323491.696832403,35080.2709926512,0.108442570044776,323491.696832403,3.17391304347826,4.96851685660708,4.72533742961605
"PKe","Pink (even years)","PKe_10","East Haida Gwaii",2008,247963,1.19723144422931,296869.100605432,1.05812549357058,314124.763603975,1.5,471187.145405963,0,0,471187.145405963,0,0,471187.145405963,3.17391304347826,4.17630193735735,4.72533742961605
"PKe","Pink (even years)","PKe_10","East Haida Gwaii",2010,821378,1.08357658057829,890025.964602238,1.05812549357058,941759.163085371,1.5,1412638.74462806,250963.014884553,0.150855223282571,1663601.75951261,250963.014884553,0.150855223282571,1663601.75951261,3.17391304347826,4.61434852839986,4.72533742961605
"PKe","Pink (even years)","PKe_10","East Haida Gwaii",2012,840212,1.06220420604107,892476.720366176,1.05812549357058,944352.370237708,1.5,1416528.55535656,218964.240648424,0.133882730136927,1635492.79600499,218964.240648424,0.133882730136927,1635492.79600499,3.17391304347826,4.70719280865538,4.72533742961605
"PKe","Pink (even years)","PKe_10","East Haida Gwaii",2014,5000,198.944660194175,994723.300970874,1.05812549357058,1052542.08380596,1.5,1578813.12570894,0,0,1578813.12570894,0,0,1578813.12570894,3.17391304347826,0.0251326172570798,4.72533742961605
"PKe","Pink (even years)","PKe_10","East Haida Gwaii",2016,124490,1.32824927239374,165353.751920297,1.05812549357058,174965.020364411,1.5,262447.530546616,,,,,,,3.17391304347826,3.76435365252571,4.72533742961605
"PKe","Pink (even years)","PKe_11","West Haida Gwaii",1954,299000,1.3059314785008,390473.512071741,1.13654316707129,443790.002067466,1.5,665685.003101199,1037176.08730727,0.609078505081399,1702861.09040847,1037176.08730727,0.609078505081399,1702861.09040847,2.83333333333333,3.828684798792,4.39930496690617
"PKe","Pink (even years)","PKe_11","West Haida Gwaii",1956,112250,1.45019763249548,162784.684247618,1.13654316707129,185011.820585487,1.5,277517.730878231,84025.2150815139,0.232407286659852,361542.945959745,84025.2150815139,0.232407286659852,361542.945959745,2.83333333333333,3.44780593207566,4.39930496690617
"PKe","Pink (even years)","PKe_11","West Haida Gwaii",1958,121500,1.44631259422239,175726.98019802,1.13654316707129,199721.298614131,1.5,299581.947921197,186689.794760251,0.383920714230252,486271.742681448,186689.794760251,0.383920714230252,486271.742681448,2.83333333333333,3.45706731724083,4.39930496690617
"PKe","Pink (even years)","PKe_11","West Haida Gwaii",1960,76705,1.3059314785008,100171.474058404,1.13654316707129,113849.204376538,1.5,170773.806564808,164907.851300984,0.491262621703672,335681.657865791,164907.851300984,0.491262621703672,335681.657865791,2.83333333333333,3.828684798792,4.39930496690617
"PKe","Pink (even years)","PKe_11","West Haida Gwaii",1962,74275,2.28993468268688,170084.898556568,1.13654316707129,193308.829276481,1.5,289963.243914722,61.0306623956318,0.000210432945602986,290024.274577117,61.0306623956318,0.000210432945602986,290024.274577117,2.83333333333333,2.18346839226579,4.39930496690617
"PKe","Pink (even years)","PKe_11","West Haida Gwaii",1964,47000,1.80159620362381,84675.0215703193,1.13654316707129,96236.8171873605,1.5,144355.225781041,1399.70322445064,0.00960312789420592,145754.929005491,1399.70322445064,0.00960312789420592,145754.929005491,2.83333333333333,2.77531668302962,4.39930496690617
"PKe","Pink (even years)","PKe_11","West Haida Gwaii",1966,193075,1.31377364077131,253656.84569192,1.13654316707129,288291.954752009,1.5,432437.932128014,198875.917186133,0.315019094547332,631313.849314147,198875.917186133,0.315019094547332,631313.849314147,2.83333333333333,3.80583065821333,4.39930496690617
"PKe","Pink (even years)","PKe_11","West Haida Gwaii",1968,121000,1.3059314785008,158017.708898597,1.13654316707129,179593.947324961,1.5,269390.920987442,218363.708040922,0.447691718428004,487754.629028364,218363.708040922,0.447691718428004,487754.629028364,2.83333333333333,3.828684798792,4.39930496690617
"PKe","Pink (even years)","PKe_11","West Haida Gwaii",1970,261000,1,261000,1.13654316707129,296637.766605607,1.5,444956.64990841,316763.1448706,0.415852583905213,761719.794779011,316763.1448706,0.415852583905213,761719.794779011,2.83333333333333,5,4.39930496690617
"PKe","Pink (even years)","PKe_11","West Haida Gwaii",1972,329500,1,329500,1.13654316707129,374490.97354999,1.5,561736.460324985,642501.799124007,0.533533787091259,1204238.25944899,642501.799124007,0.533533787091259,1204238.25944899,2.83333333333333,5,4.39930496690617
"PKe","Pink (even years)","PKe_11","West Haida Gwaii",1974,115300,1.00459181651979,115829.436444731,1.13654316707129,131645.154536978,1.5,197467.731805466,211318.168293544,0.516940942049032,408785.90009901,211318.168293544,0.516940942049032,408785.90009901,2.83333333333333,4.97714585942133,4.39930496690617
"PKe","Pink (even years)","PKe_11","West Haida Gwaii",1976,38665,1,38665,1.13654316707129,43944.4415548115,1.5,65916.6623322172,12461.2606579934,0.158989421798658,78377.9229902105,12461.2606579934,0.158989421798658,78377.9229902105,2.83333333333333,5,4.39930496690617
"PKe","Pink (even years)","PKe_11","West Haida Gwaii",1978,142145,1,142145,1.13654316707129,161553.928483349,1.5,242330.892725023,224151.615941885,0.480514514000653,466482.508666907,224151.615941885,0.480514514000653,466482.508666907,2.83333333333333,5,4.39930496690617
"PKe","Pink (even years)","PKe_11","West Haida Gwaii",1980,156430,1,156430,1.13654316707129,177789.447624962,1.5,266684.171437443,81028.7096081546,0.233033384798675,347712.881045598,81028.7096081546,0.233033384798675,347712.881045598,2.83333333333333,5,4.39930496690617
"PKe","Pink (even years)","PKe_11","West Haida Gwaii",1982,108201,1.00462675514828,108701.619533799,1.13654316707129,123544.082930723,1.5,185316.124396084,15676.8762143796,0.0779971251076665,200993.000610463,15676.8762143796,0.0779971251076665,200993.000610463,2.83333333333333,4.97697276563375,4.39930496690617
"PKe","Pink (even years)","PKe_11","West Haida Gwaii",1984,62885,1.00297766850021,63072.2506836357,1.13654316707129,71684.3355462937,1.5,107526.503319441,120440.510478462,0.528324288992243,227967.013797902,120440.510478462,0.528324288992243,227967.013797902,2.83333333333333,4.98515585843171,4.39930496690617
"PKe","Pink (even years)","PKe_11","West Haida Gwaii",1986,251086,1.00462675514828,252247.713443161,1.13654316707129,286690.415123182,1.5,430035.622684773,101015.751291393,0.190218416224127,531051.373976166,101015.751291393,0.190218416224127,531051.373976166,2.83333333333333,4.97697276563375,4.39930496690617
"PKe","Pink (even years)","PKe_11","West Haida Gwaii",1988,161466,1,161466,1.13654316707129,183513.079014333,1.5,275269.6185215,68850.5912035705,0.200077151116982,344120.20972507,68850.5912035705,0.200077151116982,344120.20972507,2.83333333333333,5,4.39930496690617
"PKe","Pink (even years)","PKe_11","West Haida Gwaii",1990,167565,1,167565,1.13654316707129,190444.855790301,1.5,285667.283685451,279535.441311927,0.49457553714594,565202.724997378,279535.441311927,0.49457553714594,565202.724997378,2.83333333333333,5,4.39930496690617
"PKe","Pink (even years)","PKe_11","West Haida Gwaii",1992,81825,1.11091837756107,90900.8962439348,1.13654316707129,103312.7925067,1.5,154969.188760051,117735.151279809,0.431731857522328,272704.34003986,117735.151279809,0.431731857522328,272704.34003986,2.83333333333333,4.50078070629912,4.39930496690617
"PKe","Pink (even years)","PKe_11","West Haida Gwaii",1994,89675,1,89675,1.13654316707129,101919.508507118,1.5,152879.262760677,40775.4859989176,0.210557635483222,193654.748759595,40775.4859989176,0.210557635483222,193654.748759595,2.83333333333333,5,4.39930496690617
"PKe","Pink (even years)","PKe_11","West Haida Gwaii",1996,146455,1,146455,1.13654316707129,166452.429533426,1.5,249678.644300139,0,0,249678.644300139,0,0,249678.644300139,2.83333333333333,5,4.39930496690617
"PKe","Pink (even years)","PKe_11","West Haida Gwaii",1998,191600,1.0910658455218,209048.216001977,1.13654316707129,237592.32148549,1.5,356388.482228235,476852.575350316,0.572286460218462,833241.05757855,476852.575350316,0.572286460218462,833241.05757855,2.83333333333333,4.58267484086514,4.39930496690617
"PKe","Pink (even years)","PKe_11","West Haida Gwaii",2000,283100,1,283100,1.13654316707129,321755.370597882,1.5,482633.055896824,504487.45938359,0.51106977473797,987120.515280414,504487.45938359,0.51106977473797,987120.515280414,2.83333333333333,5,4.39930496690617
"PKe","Pink (even years)","PKe_11","West Haida Gwaii",2002,221500,1,221500,1.13654316707129,251744.311506291,1.5,377616.467259436,21588.8464454581,0.0540795568202714,399205.313704894,21588.8464454581,0.0540795568202714,399205.313704894,2.83333333333333,5,4.39930496690617
"PKe","Pink (even years)","PKe_11","West Haida Gwaii",2004,21250,1.46495052054593,31130.198561601,1.13654316707129,35380.8144647601,1.5,53071.2216971402,27576.8548788656,0.341940639500263,80648.0765760058,27576.8548788656,0.341940639500263,80648.0765760058,2.83333333333333,3.41308455806186,4.39930496690617
"PKe","Pink (even years)","PKe_11","West Haida Gwaii",2006,15200,1.25297537108561,19045.2256405012,1.13654316707129,21645.7210670426,1.5,32468.5816005639,0,0,32468.5816005639,0,0,32468.5816005639,2.83333333333333,3.99050142196162,4.39930496690617
"PKe","Pink (even years)","PKe_11","West Haida Gwaii",2008,44000,1.07898284189207,47475.2450432509,1.13654316707129,53957.665358942,1.5,80936.4980384129,0,0,80936.4980384129,0,0,80936.4980384129,2.83333333333333,4.63399398569877,4.39930496690617
"PKe","Pink (even years)","PKe_11","West Haida Gwaii",2010,325690,1.22323334715631,398394.868835338,1.13654316707129,452792.965971066,1.5,679189.448956599,14007.0372711286,0.0202064458626339,693196.486227728,14007.0372711286,0.0202064458626339,693196.486227728,2.83333333333333,4.08752754462072,4.39930496690617
"PKe","Pink (even years)","PKe_11","West Haida Gwaii",2012,282710,1.06338789788507,300630.392611087,1.13654316707129,341679.418536091,1.5,512519.127804136,0,0,512519.127804136,0,0,512519.127804136,2.83333333333333,4.70195307840565,4.39930496690617
"PKe","Pink (even years)","PKe_11","West Haida Gwaii",2014,35200,1.55132550302889,54606.6577066168,1.13654316707129,62062.8236930562,1.5,93094.2355395842,0,0,93094.2355395842,0,0,93094.2355395842,2.83333333333333,3.22305021753188,4.39930496690617
"PKe","Pink (even years)","PKe_11","West Haida Gwaii",2016,500,4.48443130630631,2242.21565315315,1.13654316707129,2548.37487969151,1.5,3822.56231953726,,,,,,,2.83333333333333,1.11496857872896,4.39930496690617
"PKe","Pink (even years)","PKe_5","Hecate Lowlands",1954,295052,1.0047417235371,296451.055013068,1.38958120834357,411942.815239785,1.5,617914.222859678,799849.521236967,0.546856741544389,1417763.74409664,844716.591525267,0.577532336401979,1462630.81438494,2.17948717948718,4.97640327147754,3.59820640202826
"PKe","Pink (even years)","PKe_5","Hecate Lowlands",1956,473125,1.01128065071543,478462.157869738,1.38958120834357,664862.023479302,1.5,997293.035218954,924173.70202858,0.466218907983994,1921466.73724753,984981.141572498,0.496894502841584,1982274.17679145,2.17948717948718,4.94422591440146,3.59820640202826
"PKe","Pink (even years)","PKe_5","Hecate Lowlands",1958,181834,1.0185232886542,185202.163669147,1.38958120834357,257353.446379217,1.5,386030.169568826,672715.262177382,0.615898120348746,1058745.43174621,706220.707567256,0.646573715206336,1092250.87713608,2.17948717948718,4.90906791793306,3.59820640202826
"PKe","Pink (even years)","PKe_5","Hecate Lowlands",1960,230365,1.01145387730305,233003.572444918,1.38958120834357,323777.385746377,1.5,485666.078619565,647556.42712781,0.553900267015821,1133222.50574738,683418.801257039,0.584575861873411,1169084.8798766,2.17948717948718,4.94337914184682,3.59820640202826
"PKe","Pink (even years)","PKe_5","Hecate Lowlands",1962,558613,1.00855535244712,563392.131096543,1.38958120834357,782879.118300392,1.5,1174318.67745059,1756749.9520498,0.58096920185212,2931068.62950038,1849507.62254829,0.61164479670971,3023826.29999887,2.17948717948718,4.95758610359679,3.59820640202826
"PKe","Pink (even years)","PKe_5","Hecate Lowlands",1964,391275,1.03326323452097,404290.072087192,1.38958120834357,561793.886892229,1.5,842690.830338344,1263530.65738412,0.581501570460404,2106221.48772246,1330184.91337413,0.612177165317994,2172875.74371247,2.17948717948718,4.83903794594806,3.59820640202826
"PKe","Pink (even years)","PKe_5","Hecate Lowlands",1966,569900,1.01454029795355,578186.515803726,1.38958120834357,803437.117278499,1.5,1205155.67591775,1737668.83946477,0.572363321477139,2942824.51538252,1830798.54103005,0.603038916334729,3035954.2169478,2.17948717948718,4.92834046127653,3.59820640202826
"PKe","Pink (even years)","PKe_5","Hecate Lowlands",1968,623025,1.01378549386955,631613.707318078,1.38958120834357,877678.538621417,1.5,1316517.80793212,2441716.03946749,0.629767875972153,3758233.84739962,2560650.48315972,0.660443470829743,3877168.29109185,2.17948717948718,4.93200980901327,3.59820640202826
"PKe","Pink (even years)","PKe_5","Hecate Lowlands",1970,373870,1.01128065071543,378087.496882978,1.38958120834357,525383.280778244,1.5,788074.921167366,1142193.12569623,0.57357612789696,1930268.0468636,1203279.09470517,0.60425172275455,1991354.01587254,2.17948717948718,4.94422591440146,3.59820640202826
"PKe","Pink (even years)","PKe_5","Hecate Lowlands",1972,358050,1.0047417235371,359747.774112458,1.38958120834357,499898.746650099,1.5,749848.119975149,1039252.75094591,0.563061072171209,1789100.87092105,1095871.29184365,0.593736667028799,1845719.4118188,2.17948717948718,4.97640327147754,3.59820640202826
"PKe","Pink (even years)","PKe_5","Hecate Lowlands",1974,348925,1.07648404323846,375612.19478698,1.38958120834357,521943.647500672,1.5,782915.471251007,1031527.12890598,0.55106974479575,1814442.60015699,1088947.64344115,0.58174533965334,1871863.11469215,2.17948717948718,4.64475068757931,3.59820640202826
"PKe","Pink (even years)","PKe_5","Hecate Lowlands",1976,654830,1.01702863520599,665980.861191936,1.38958120834357,925434.489828781,1.5,1388151.73474317,1146462.5397449,0.438447037303432,2534614.27448807,1226673.87063885,0.469122632161022,2614825.60538202,2.17948717948718,4.91628242009854,3.59820640202826
"PKe","Pink (even years)","PKe_5","Hecate Lowlands",1978,495500,1.00565436180649,498301.736275115,1.38958120834357,692430.728812873,1.5,1038646.09321931,941305.512984156,0.460834700995653,1979951.60620347,1003963.78609408,0.491510295853244,2042609.87931339,2.17948717948718,4.97188715118616,3.59820640202826
"PKe","Pink (even years)","PKe_5","Hecate Lowlands",1980,336720,1.00073440850739,336967.290032608,1.38958120834357,468243.414055769,1.5,702365.121083654,430346.552523081,0.368271490220689,1132711.67360673,466192.760671444,0.398947085078279,1168557.8817551,2.17948717948718,4.99633065226325,3.59820640202826
"PKe","Pink (even years)","PKe_5","Hecate Lowlands",1982,291185,1.03572405825302,301587.309902405,1.38958120834357,419080.05851527,1.5,628620.087772905,186156.20796077,0.224830733218152,814776.295733675,199363.726077596,0.240782153881081,827983.813850501,2.17948717948718,4.82754065637292,3.59820640202826
"PKe","Pink (even years)","PKe_5","Hecate Lowlands",1984,485895,1.00377765051293,487730.54149598,1.38958120834357,677741.195198047,1.5,1016611.79279707,433915.898835827,0.289373452002395,1450527.6916329,482889.615619051,0.322033452525472,1499501.40841612,2.17948717948718,4.98118283211925,3.59820640202826
"PKe","Pink (even years)","PKe_5","Hecate Lowlands",1986,636915,1.00073440850739,637382.755794483,1.38958120834357,885695.099974252,1.5,1328542.64996138,1107519.50613263,0.438971910212737,2436062.15609401,1194442.26175177,0.473424258784299,2522984.91171314,2.17948717948718,4.99633065226325,3.59820640202826
"PKe","Pink (even years)","PKe_5","Hecate Lowlands",1988,442650,1.00758395054051,446007.035706756,1.38958120834357,619762.995607127,1.5,929644.493410691,1089334.52224952,0.527479996295798,2018979.01566021,1135522.96298447,0.549845466268665,2065167.45639516,2.17948717948718,4.9623656642385,3.59820640202826
"PKe","Pink (even years)","PKe_5","Hecate Lowlands",1990,647902,1,647902,1.38958120834357,900312.444048215,1.5,1350468.66607232,1142820.86212502,0.446625762712884,2493289.52819734,1208319.82652005,0.472223409640188,2558788.49259237,2.17948717948718,5,3.59820640202826
"PKe","Pink (even years)","PKe_5","Hecate Lowlands",1992,174785,1.00118096809553,174991.415508578,1.38958120834357,243164.782612161,1.5,364747.173918242,270467.034638063,0.414282539610215,635214.208556305,288109.291846733,0.441305718722024,652856.465764975,2.17948717948718,4.99410212472486,3.59820640202826
"PKe","Pink (even years)","PKe_5","Hecate Lowlands",1994,179320,1.27756562164173,229093.067272794,1.38958120834357,318343.421244064,1.5,477515.131866097,217312.246054938,0.301150714092599,694827.377921035,244091.146603886,0.338260840969165,721606.278469982,2.17948717948718,3.91369328925334,3.59820640202826
"PKe","Pink (even years)","PKe_5","Hecate Lowlands",1996,561800,1.11521400230521,626527.226495065,1.38958120834357,870610.460453157,1.5,1305915.69067974,163106.384245168,0.107621385489292,1469022.0749249,209641.68208236,0.13832645721639,1515557.3727621,2.17948717948718,4.48344442381887,3.59820640202826
"PKe","Pink (even years)","PKe_5","Hecate Lowlands",1998,218060,1.00753574228536,219703.243962746,1.38958120834357,305295.499222754,1.5,457943.248834131,69425.4172706125,0.128476337127144,527368.666104744,82431.8803377637,0.152545659279485,540375.129171895,2.17948717948718,4.9626031019591,3.59820640202826
"PKe","Pink (even years)","PKe_5","Hecate Lowlands",2000,524720,1.00853469410835,529198.324692534,1.38958120834357,735364.047479644,1.5,1103046.07121947,119622.693271746,0.0960812998303227,1222668.76449121,141969.280186026,0.114030144307665,1245015.35140549,2.17948717948718,4.957687652402,3.59820640202826
"PKe","Pink (even years)","PKe_5","Hecate Lowlands",2002,645900,1.0040292999794,648502.524856693,1.38958120834357,901146.922104219,1.5,1351720.38315633,228895.84529091,0.142311165302661,1580616.22844724,256697.654909092,0.159596354202695,1608418.03806542,2.17948717948718,4.97993435062363,3.59820640202826
"PKe","Pink (even years)","PKe_5","Hecate Lowlands",2004,364250,1.12057782287451,408170.471982039,1.38958120834357,567186.017666967,1.5,850779.026500451,127775.933196135,0.127048133777413,978554.959696586,154949.506434925,0.154066928958136,1005728.53293538,2.17948717948718,4.46198371762703,3.59820640202826
"PKe","Pink (even years)","PKe_5","Hecate Lowlands",2006,132870,1.54294665017529,205011.32140879,1.38958120834357,284879.879727338,1.5,427319.819591008,32667.0124350344,0.0703938366972174,459986.832026042,36740.8704882086,0.0791725549559839,464060.690079216,2.17948717948718,3.24055274330579,3.59820640202826
"PKe","Pink (even years)","PKe_5","Hecate Lowlands",2008,105217,1.67597434123357,176340.992261573,1.38958120834357,245040.12910734,1.5,367560.19366101,6721.30883841172,0.0176777442499625,374281.502499422,12652.8438947267,0.0332783009653419,380213.037555737,2.17948717948718,2.98333922959694,3.59820640202826
"PKe","Pink (even years)","PKe_5","Hecate Lowlands",2010,143409,1.30113706965743,186594.766022502,1.38958120834357,259288.580440134,1.5,388932.870660201,5010.4006645886,0.012420758706762,393943.27132479,14456.3894387705,0.0358373186118629,403389.260098972,2.17948717948718,3.84279267465374,3.59820640202826
"PKe","Pink (even years)","PKe_5","Hecate Lowlands",2012,283961,1.27213198980098,361235.871955877,1.38958120834357,501966.57944949,1.5,752949.869174235,21361.6823300397,0.0268759909728113,774311.551504274,41874.1189588897,0.0526835118014534,794823.988133125,2.17948717948718,3.93040976886543,3.59820640202826
"PKe","Pink (even years)","PKe_5","Hecate Lowlands",2014,378060,1.77395029662543,670659.649142211,1.38958120834357,931936.045642308,1.5,1397904.06846346,258268.521954973,0.151434799751311,1656172.59041843,307572.627640109,0.180344081125709,1705476.69610357,2.17948717948718,2.81856825950053,3.59820640202826
"PKe","Pink (even years)","PKe_5","Hecate Lowlands",2016,76602,1.64879614553811,126301.08234051,1.38958120834357,175505.610613827,1.5,263258.41592074,55302.2643863765,0.168294278243134,318560.680307116,65346.1270482233,0.198859475458911,328604.542968963,2.17948717948718,3.03251558024972,3.59820640202826
"PKe","Pink (even years)","PKe_6","Hecate Strait-Fjords",1954,379025,1.02710311277977,389297.757321354,1.23238412206739,479764.374879281,1.5,719646.562318921,1169783.53152832,0.619119773384374,1889430.09384724,1169783.53152832,0.619119773384374,1889430.09384724,2.25714285714286,4.86806040969722,4.05717658193473
"PKe","Pink (even years)","PKe_6","Hecate Strait-Fjords",1956,956450,1.03370887034905,988690.849045348,1.23238412206739,1218446.90399681,1.5,1827670.35599522,1997779.42490424,0.522233865120694,3825449.78089945,1997779.42490424,0.522233865120694,3825449.78089945,2.25714285714286,4.83695181827323,4.05717658193473
"PKe","Pink (even years)","PKe_6","Hecate Strait-Fjords",1958,503375,1.03381105536296,520394.63999333,1.23238412206739,641326.091536755,1.5,961989.137305132,2321427.64899342,0.707015831398731,3283416.78629855,2321427.64899342,0.707015831398731,3283416.78629855,2.25714285714286,4.83647371931475,4.05717658193473
"PKe","Pink (even years)","PKe_6","Hecate Strait-Fjords",1960,1897875,1.01895590821989,1933850.94431282,1.12228864754504,2170338.96084654,1.5,3255508.44126981,5757952.16697922,0.638817033461,9013460.60824903,5757952.16697922,0.638817033461,9013460.60824903,2.25714285714286,4.90698366795377,4.45518183841322
"PKe","Pink (even years)","PKe_6","Hecate Strait-Fjords",1962,6312375,1.00844132178718,6365659.78861634,1.12228864754504,7144107.71489809,1.5,10716161.5723471,22139711.9147048,0.673843351735262,32855873.4870519,22139711.9147048,0.673843351735262,32855873.4870519,2.25714285714286,4.95814668833572,4.45518183841322
"PKe","Pink (even years)","PKe_6","Hecate Strait-Fjords",1964,1838000,1.02785093291252,1889190.01469322,1.12228864754504,2120216.50654565,1.5,3180324.75981847,6522138.5205447,0.672214707964406,9702463.28036317,6522138.5205447,0.672214707964406,9702463.28036317,2.25714285714286,4.86451861830973,4.45518183841322
"PKe","Pink (even years)","PKe_6","Hecate Strait-Fjords",1966,1895925,1.02109981105932,1935928.65928264,1.12228864754504,2172670.75677,1.5,3259006.135155,6280207.47687756,0.658356939292757,9539213.61203256,6280207.47687756,0.658356939292757,9539213.61203256,2.25714285714286,4.89668095698975,4.45518183841322
"PKe","Pink (even years)","PKe_6","Hecate Strait-Fjords",1968,2941650,1.01564463250153,2987671.03319812,1.12228864754504,3353029.28315741,1.5,5029543.92473612,13305761.8187854,0.725690752306477,18335305.7435215,13305761.8187854,0.725690752306477,18335305.7435215,2.25714285714286,4.92298175955996,4.45518183841322
"PKe","Pink (even years)","PKe_6","Hecate Strait-Fjords",1970,1191345,1.01343018227364,1207344.98050079,1.12378711380255,1356798.73100097,1.5,2035198.09650146,4046142.85400244,0.665337281190783,6081340.9505039,4046142.85400244,0.665337281190783,6081340.9505039,2.25714285714286,4.93373898612577,4.44924126517304
"PKe","Pink (even years)","PKe_6","Hecate Strait-Fjords",1972,2421200,1.00694068449623,2438004.78530228,1.12378711380255,2739798.36111165,1.5,4109697.54166747,7574765.87168393,0.648276741833821,11684463.4133514,7574765.87168393,0.648276741833821,11684463.4133514,2.25714285714286,4.96553578277699,4.44924126517304
"PKe","Pink (even years)","PKe_6","Hecate Strait-Fjords",1974,1771475,1.0057167996358,1781602.16763484,1.12378711380255,2002141.55791071,1.5,3003212.33686607,5038414.7958705,0.626541707630247,8041627.13273657,5038414.7958705,0.626541707630247,8041627.13273657,2.25714285714286,4.97157848194505,4.44924126517304
"PKe","Pink (even years)","PKe_6","Hecate Strait-Fjords",1976,1986930,1.01373523933759,2014220.95909703,1.12378711380255,2263555.55818426,1.5,3395333.33727638,3536831.90264964,0.510205942910758,6932165.23992602,3536831.90264964,0.510205942910758,6932165.23992602,2.25714285714286,4.93225430662466,4.44924126517304
"PKe","Pink (even years)","PKe_6","Hecate Strait-Fjords",1978,2853275,1.00680809981193,2872700.3809909,1.12378711380255,3228303.66997324,1.5,4842455.50495985,5375175.18545015,0.526068650190611,10217630.69041,5375175.18545015,0.526068650190611,10217630.69041,2.25714285714286,4.96618968493993,4.44924126517304
"PKe","Pink (even years)","PKe_6","Hecate Strait-Fjords",1980,1776675,1.00267491397174,1781427.45278075,1.34435805710017,2394876.34928522,1.5,3592314.52392783,2563003.35046656,0.416388463238989,6155317.87439439,2563003.35046656,0.416388463238989,6155317.87439439,2.25714285714286,4.98666111052311,3.7192472448785
"PKe","Pink (even years)","PKe_6","Hecate Strait-Fjords",1982,509430,1.0507565746444,535286.921821096,1.34435805710017,719617.286210537,1.5,1079425.9293158,355152.529224693,0.247565775932545,1434578.4585405,355152.529224693,0.247565775932545,1434578.4585405,2.25714285714286,4.75847605492464,3.7192472448785
"PKe","Pink (even years)","PKe_6","Hecate Strait-Fjords",1984,1346045,1.0027949137443,1349807.07967095,1.34435805710017,1814624.02308649,1.5,2721936.03462973,1194714.09593148,0.305034674046897,3916650.13056121,1194714.09593148,0.305034674046897,3916650.13056121,2.25714285714286,4.98606438013398,3.7192472448785
"PKe","Pink (even years)","PKe_6","Hecate Strait-Fjords",1986,4331045,1.00017154474398,4331787.96800569,1.34435805710017,5823474.05643801,1.5,8735211.08465701,8362030.00580166,0.489086511768744,17097241.0904587,8362030.00580166,0.489086511768744,17097241.0904587,2.25714285714286,4.99914242339286,3.7192472448785
"PKe","Pink (even years)","PKe_6","Hecate Strait-Fjords",1988,3571145,1.00027879009958,3572140.59987016,1.34435805710017,4802235.99653006,1.5,7203353.9947951,10048545.7887808,0.582460245818678,17251899.7835759,10048545.7887808,0.582460245818678,17251899.7835759,2.25714285714286,4.9986064380134,3.7192472448785
"PKe","Pink (even years)","PKe_6","Hecate Strait-Fjords",1990,2799575,1.00017737475782,2800071.57393763,1.29317487957157,3620982.22041857,1.5,5431473.33062785,5444817.35308943,0.500613445468203,10876290.6837173,5444817.35308943,0.500613445468203,10876290.6837173,2.25714285714286,4.99911328349201,3.86645308301729
"PKe","Pink (even years)","PKe_6","Hecate Strait-Fjords",1992,4036475,1.00477103061403,4055733.14579778,1.29317487957157,5244772.22239146,1.5,7867158.33358719,6277187.57313456,0.44379482901019,14144345.9067218,6277187.57313456,0.44379482901019,14144345.9067218,2.25714285714286,4.97625812016536,3.86645308301729
"PKe","Pink (even years)","PKe_6","Hecate Strait-Fjords",1994,638915,1.0117196495164,646402.859870769,1.29317487957157,835911.940468099,1.5,1253867.91070215,608251.695188964,0.326644804804516,1862119.60589111,608251.695188964,0.326644804804516,1862119.60589111,2.25714285714286,4.94208054809453,3.86645308301729
"PKe","Pink (even years)","PKe_6","Hecate Strait-Fjords",1996,2655220,1.00366469456984,2664950.57031573,1.29317487957157,3446247.13283222,1.5,5169370.69924833,497845.75765458,0.0878466106668968,5667216.45690291,497845.75765458,0.0878466106668968,5667216.45690291,2.25714285714286,4.9817434318968,3.86645308301729
"PKe","Pink (even years)","PKe_6","Hecate Strait-Fjords",1998,1312505,1,1312505,1.29317487957157,1697298.49531208,1.5,2545947.74296812,418783.364891069,0.141255091829717,2964731.10785919,418783.364891069,0.141255091829717,2964731.10785919,2.25714285714286,5,3.86645308301729
"PKe","Pink (even years)","PKe_6","Hecate Strait-Fjords",2000,3292197,1.00412125830325,3305764.99422219,1.16086635681971,3837551.36534483,1.5,5756327.04801724,470348.345897808,0.0755376370442325,6226675.39391505,470348.345897808,0.0755376370442325,6226675.39391505,2.25714285714286,4.97947828377713,4.30712800885877
"PKe","Pink (even years)","PKe_6","Hecate Strait-Fjords",2002,3347225,1.00341715456227,3358662.9851797,1.16086635681971,3898958.86339076,1.5,5848438.29508614,994994.915996932,0.145394115103735,6843433.21108307,994994.915996932,0.145394115103735,6843433.21108307,2.25714285714286,4.98297241308495,4.30712800885877
"PKe","Pink (even years)","PKe_6","Hecate Strait-Fjords",2004,1417000,1.03058103143363,1460333.32154145,1.16086635681971,1695251.82272024,1.5,2542877.73408036,363637.193554182,0.125111070339531,2906514.92763455,363637.193554182,0.125111070339531,2906514.92763455,2.25714285714286,4.85163208665365,4.30712800885877
"PKe","Pink (even years)","PKe_6","Hecate Strait-Fjords",2006,454475,1.03007529555847,468143.469948934,1.16086635681971,543452.004428555,1.5,815178.006642833,38571.1692405081,0.0451785727354876,853749.175883341,38571.1692405081,0.0451785727354876,853749.175883341,2.25714285714286,4.85401409155162,4.30712800885877
"PKe","Pink (even years)","PKe_6","Hecate Strait-Fjords",2008,471034,1.12352666685452,529219.259995152,1.16086635681971,614352.834309392,1.5,921529.251464089,2711.54432379862,0.00293380722443345,924240.795787887,2711.54432379862,0.00293380722443345,924240.795787887,2.25714285714286,4.45027265262715,4.30712800885877
"PKe","Pink (even years)","PKe_6","Hecate Strait-Fjords",2010,399880,1.04560520797217,418116.61056391,1.29434285545042,541186.247628545,1.5,811779.371442817,10208.5862432398,0.0124193866196988,821987.957686057,10208.5862432398,0.0124193866196988,821987.957686057,2.25714285714286,4.7819195637873,3.86296411259598
"PKe","Pink (even years)","PKe_6","Hecate Strait-Fjords",2012,797927,2.16971419317302,1731273.53701597,1.29434285545042,2240861.53346701,1.5,3361292.30020051,69384.1280565339,0.020224620277519,3430676.42825704,69384.1280565339,0.020224620277519,3430676.42825704,2.25714285714286,2.30445098056345,3.86296411259598
"PKe","Pink (even years)","PKe_6","Hecate Strait-Fjords",2014,1629890,1.12442420783265,1832687.77210436,1.29434285545042,2372126.32409464,1.5,3558189.48614196,729046.51513922,0.170050474226601,4287236.00128118,729046.51513922,0.170050474226601,4287236.00128118,2.25714285714286,4.44672034377274,3.86296411259598
"PKe","Pink (even years)","PKe_6","Hecate Strait-Fjords",2016,986910,3.0188307155686,2979314.2215018,1.29434285545042,3856254.0767427,1.5,5784381.11511406,1501060.63809991,0.206035637775529,7285441.75321396,1501060.63809991,0.206035637775529,7285441.75321396,2.25714285714286,1.65627041430783,3.86296411259598
"PKe","Pink (even years)","PKe_7","Nass-Skeena Estuary",1954,412600,1.05957378287476,437180.142814127,1.28573453045894,562097.605647094,1.5,843146.408470642,397057.365563644,0.26078499054291,1240203.77403429,679400.440322449,0.44622629567097,1522546.84879309,2.32432432432432,4.71887855363347,3.88882765574886
"PKe","Pink (even years)","PKe_7","Nass-Skeena Estuary",1956,240860,1.06214203670789,255827.530961462,1.28573453045894,328926.290399205,1.5,493389.435598808,522765.32391902,0.419053334137646,1016154.75951783,754101.710116089,0.604494639265706,1247491.1457149,2.32432432432432,4.70746833022212,3.88882765574886
"PKe","Pink (even years)","PKe_7","Nass-Skeena Estuary",1958,257960,1.06567265469343,274900.918004718,1.28573453045894,353449.602733528,1.5,530174.404100292,282695.484870852,0.283282808635031,812869.888971144,467752.318784838,0.468724113763091,997926.72288513,2.32432432432432,4.69187229115715,3.88882765574886
"PKe","Pink (even years)","PKe_7","Nass-Skeena Estuary",1960,183850,1.0740051409097,197455.845156248,1.28573453045894,253875.798358341,1.5,380813.697537512,142383.919956762,0.221675436073636,523197.617494273,261494.36545177,0.407116741201696,642308.062989282,2.32432432432432,4.6554711979916,3.88882765574886
"PKe","Pink (even years)","PKe_7","Nass-Skeena Estuary",1962,919300,1.06747622246482,981330.891311913,1.28573453045894,1261731.01276578,1.5,1892596.51914867,324772.232135394,0.119306292823716,2217368.75128406,829575.333221851,0.304747597951776,2722171.85237052,2.32432432432432,4.68394507978351,3.88882765574886
"PKe","Pink (even years)","PKe_7","Nass-Skeena Estuary",1964,1506925,1.07786730087592,1624265.18237244,1.28573453045894,2088373.83159844,1.5,3132560.74739766,705520.283486303,0.149733076685441,3838081.03088396,1579292.49908615,0.335174381813501,4711853.2464838,2.32432432432432,4.63878994746088,3.88882765574886
"PKe","Pink (even years)","PKe_7","Nass-Skeena Estuary",1966,773629,1.05706873078426,817779.025127897,1.28573453045894,1051446.73089199,1.5,1577170.09633798,449586.087817552,0.18068984310406,2026756.18415553,910994.595678678,0.36613114823212,2488164.69201666,2.32432432432432,4.73006139940437,3.88882765574886
"PKe","Pink (even years)","PKe_7","Nass-Skeena Estuary",1968,1379000,1.05563633107189,1455722.50054814,1.28573453045894,1871672.68572077,1.5,2807509.02858116,1243062.56906108,0.249976429126185,4050571.59764224,2165210.09300289,0.435417734254245,4972719.12158405,2.32432432432432,4.73647965007325,3.88882765574886
"PKe","Pink (even years)","PKe_7","Nass-Skeena Estuary",1970,748575,1.05422618639286,789167.367479037,1.28573453045894,1014659.73467918,1.5,1521989.60201877,436517.646951101,0.181551150743037,1958507.24896987,882388.696684156,0.366992455871097,2404378.29870292,2.32432432432432,4.74281521796379,3.88882765574886
"PKe","Pink (even years)","PKe_7","Nass-Skeena Estuary",1972,1237000,1.05944848033426,1310537.77017348,1.28573453045894,1685003.66458271,1.5,2527505.49687406,718659.646774637,0.180332927632849,3246165.1436487,1457677.11069609,0.365774232760909,3985182.60757015,2.32432432432432,4.71943666238728,3.88882765574886
"PKe","Pink (even years)","PKe_7","Nass-Skeena Estuary",1974,379150,1.04878830711597,397648.086643022,1.28573453045894,511269.875967862,1.5,766904.813951793,299278.611988717,0.228647331831828,1066183.42594051,542004.455144069,0.414088636959888,1308909.26909586,2.32432432432432,4.76740631648471,3.88882765574886
"PKe","Pink (even years)","PKe_7","Nass-Skeena Estuary",1976,496775,1.03636225910271,514838.861265749,1.28573453045894,661946.101551534,1.5,992919.152327301,97376.7499871075,0.0727500472229567,1090295.90231441,345592.006142155,0.258191352351017,1338511.15846946,2.32432432432432,4.82456781505053,3.88882765574886
"PKe","Pink (even years)","PKe_7","Nass-Skeena Estuary",1978,578350,1.02726481190635,594118.603966036,1.28573453045894,763878.804307193,1.5,1145818.20646079,594992.097925468,0.278408270863354,1740810.30438626,991302.562546455,0.463849575991414,2137120.76900725,2.32432432432432,4.86729414075933,3.88882765574886
"PKe","Pink (even years)","PKe_7","Nass-Skeena Estuary",1980,516236,1.02282113163213,528017.089709247,1.28573453045894,678889.804911615,1.5,1018334.70736742,466992.916575707,0.256100495613561,1485327.62394313,805140.547754178,0.441541800741621,1823475.2551216,2.32432432432432,4.88844026132058,3.88882765574886
"PKe","Pink (even years)","PKe_7","Nass-Skeena Estuary",1982,621445,1.03363867668386,642349.587431801,1.28573453045894,825891.045187121,1.5,1238836.56778068,685515.581879423,0.308153166694878,1924352.1496601,985757.095273234,0.443117820411297,2224593.66305392,2.32432432432432,4.83728029222078,3.88882765574886
"PKe","Pink (even years)","PKe_7","Nass-Skeena Estuary",1984,1231075,1.03990432934889,1280200.22225319,1.28573453045894,1645997.63165213,1.5,2468996.4474782,2151548.45666962,0.391355089586204,4620544.90414782,3028692.26009564,0.550902828660195,5497688.70757383,2.32432432432432,4.80813461285484,3.88882765574886
"PKe","Pink (even years)","PKe_7","Nass-Skeena Estuary",1986,1497950,1.01871167486378,1525979.1533622,1.28573453045894,1962004.09023828,1.5,2943006.13535742,2275364.83863401,0.341118048115897,5218370.97399143,3727308.8808124,0.558790532647537,6670315.01616982,2.32432432432432,4.9081601039554,3.88882765574886
"PKe","Pink (even years)","PKe_7","Nass-Skeena Estuary",1988,733725,1.01951029620162,748040.192080531,1.28573453045894,961781.105129077,1.5,1442671.65769362,1298059.90202848,0.424605096636095,2740731.5597221,1614427.54415835,0.52809131714808,3057099.20185196,2.32432432432432,4.90431535476245,3.88882765574886
"PKe","Pink (even years)","PKe_7","Nass-Skeena Estuary",1990,1731450,1.02770126177548,1779413.34970115,1.28573453045894,2287853.18767038,1.5,3431779.78150558,1508291.71458638,0.245252438279323,4940071.49609196,2718176.26039342,0.441983038882681,6149956.041899,2.32432432432432,4.86522707130075,3.88882765574886
"PKe","Pink (even years)","PKe_7","Nass-Skeena Estuary",1992,301323,1.02742843715802,309587.818969766,1.28573453045894,398047.7490589,1.5,597071.62358835,343459.533753476,0.304934569107495,940531.157341827,529266.838983274,0.469900351067535,1126338.46257162,2.32432432432432,4.86651898971236,3.88882765574886
"PKe","Pink (even years)","PKe_7","Nass-Skeena Estuary",1994,212876,1.02089151126829,217323.301352749,1.28573453045894,279420.072822563,1.5,419130.109233845,109070.662549482,0.171283026510458,528200.771783327,217656.061419338,0.341804001798716,636786.170653183,2.32432432432432,4.89768006180042,3.88882765574886
"PKe","Pink (even years)","PKe_7","Nass-Skeena Estuary",1996,1437300,1.00930912443575,1450680.0045515,1.28573453045894,1865189.37449819,1.5,2797784.06174729,1583298.59488235,0.293827804671961,4381082.65662964,2590741.35928967,0.480788556582723,5388525.42103696,2.32432432432432,4.95388368037914,3.88882765574886
"PKe","Pink (even years)","PKe_7","Nass-Skeena Estuary",1998,265750,1.01970154986931,270985.686877769,1.28573453045894,348415.654878881,1.5,522623.482318322,96675.6545512972,0.131971553922043,619299.136869619,209925.70482245,0.286568749931749,732549.187140772,2.32432432432432,4.90339550885338,3.88882765574886
"PKe","Pink (even years)","PKe_7","Nass-Skeena Estuary",2000,552200,1.02792139377742,567618.193643893,1.28573453045894,729806.311684684,1.5,1094709.46752703,402670.540614659,0.2362620451359,1497380.00814168,609629.206012516,0.357692526419323,1704338.67353954,2.32432432432432,4.86418517044957,3.88882765574886
"PKe","Pink (even years)","PKe_7","Nass-Skeena Estuary",2002,809064,1.46197459167516,1182831.01103907,1.28573453045894,1520806.67459059,1.5,2281210.01188589,568734.438588441,0.176087519534723,2849944.45047433,948629.55931831,0.293707950009612,3229839.5712042,2.32432432432432,3.420032077487,3.88882765574886
"PKe","Pink (even years)","PKe_7","Nass-Skeena Estuary",2004,1065700,1.08050605616202,1151495.30405186,1.28573453045894,1480517.27408079,1.5,2220775.91112119,942988.979583625,0.254393459020693,3163764.89070482,1486037.08326056,0.400893459020694,3706812.99438175,2.32432432432432,4.62746133766258,3.88882765574886
"PKe","Pink (even years)","PKe_7","Nass-Skeena Estuary",2006,187450,1.09178879269098,204655.809189924,1.28573453045894,263133.040734501,1.5,394699.561101752,56489.3330529574,0.117119835565582,451188.894154709,87621.2411787958,0.181665896980802,482320.802280548,2.32432432432432,4.57964034204481,3.88882765574886
"PKe","Pink (even years)","PKe_7","Nass-Skeena Estuary",2008,102429,1.08094152282228,110719.759241164,1.28573453045894,142356.217660464,1.5,213534.326490697,10911.1636200074,0.0433758692169313,224445.490110704,38014.8370647004,0.151122891952406,251549.163555397,2.32432432432432,4.62559712475959,3.88882765574886
"PKe","Pink (even years)","PKe_7","Nass-Skeena Estuary",2010,476577,1.0981505176044,523353.279228353,1.28573453045894,672893.382732813,1.5,1009340.07409922,22684.8456006545,0.0191180522036437,1032024.91969987,177226.703678016,0.149360918405292,1186566.77777724,2.32432432432432,4.55310990601491,3.88882765574886
"PKe","Pink (even years)","PKe_7","Nass-Skeena Estuary",2012,515165,1.04038212375077,535968.456782065,1.28573453045894,689113.152121492,1.5,1033669.72818224,81649.3768821729,0.0628757922430602,1115319.10506441,264912.348788487,0.204001236030042,1298582.07697073,2.32432432432432,4.80592648206418,3.88882765574886
"PKe","Pink (even years)","PKe_7","Nass-Skeena Estuary",2014,1568620,1.19804714358582,1879280.7103716,1.28573453045894,2416256.10175017,1.5,3624384.15262525,349029.577214265,0.0742514025368523,3973413.72983952,1076262.10171366,0.22896045426099,4700646.25433891,2.32432432432432,4.17345847095358,3.88882765574886
"PKe","Pink (even years)","PKe_7","Nass-Skeena Estuary",2016,66981,6.38266054934644,427516.986255774,1.28573453045894,549673.351586789,1.5,824510.027380184,105882.069113079,0.0984399959901453,930392.096493263,251090.068374379,0.233441842712214,1075600.09575456,2.32432432432432,0.783372382307246,3.88882765574886
"PKe","Pink (even years)","PKe_8","Middle-Upper Skeena",1954,80604,1,80604,1.4146124911487,114023.42523655,1.5,171035.137854825,142669.141408855,0.371083164688927,313704.27926368,213431.620502299,0.555136733834467,384466.758357124,3,5,3.53453686524418
"PKe","Pink (even years)","PKe_8","Middle-Upper Skeena",1956,37691,1.00497255151563,37878.4204391758,1.4146124911487,53583.2866982404,1.5,80374.9300473605,67445.2597616724,0.37228824460098,147820.189809033,100789.156489835,0.55634181374652,181164.086537195,3,4.9752602620433,3.53453686524418
"PKe","Pink (even years)","PKe_8","Middle-Upper Skeena",1958,106625,1,106625,1.4146124911487,150833.05686873,1.5,226249.585303096,146448.510209848,0.320619130197643,372698.095512943,230518.262952155,0.504672699343184,456767.848255251,3,5,3.53453686524418
"PKe","Pink (even years)","PKe_8","Middle-Upper Skeena",1960,29876,1.00440935771532,30007.7339711028,1.4146124911487,42449.3153065893,1.5,63673.972959884,29549.2223560847,0.258632869579853,93223.1953159687,50577.639389649,0.442686438725394,114251.612349533,3,4.9780499968392,3.53453686524418
"PKe","Pink (even years)","PKe_8","Middle-Upper Skeena",1962,115000,1.00440935771532,115507.076137262,1.4146124911487,163397.752719834,1.5,245096.629079752,98079.4882670756,0.233196904872821,343176.117346827,175489.949119326,0.417250474018362,420586.578199078,3,4.9780499968392,3.53453686524418
"PKe","Pink (even years)","PKe_8","Middle-Upper Skeena",1964,72600,1.00440935771532,72920.1193701321,1.4146124911487,103153.711717043,1.5,154730.567575565,70689.1170718414,0.255871765880787,225419.684647406,121537.182516003,0.439925335026328,276267.750091568,3,4.9780499968392,3.53453686524418
"PKe","Pink (even years)","PKe_8","Middle-Upper Skeena",1966,116500,1,116500,1.4146124911487,164802.355218824,1.5,247203.532828236,132543.383700622,0.284790464798092,379746.916528858,218203.143601718,0.468844033943632,465406.676429954,3,5,3.53453686524418
"PKe","Pink (even years)","PKe_8","Middle-Upper Skeena",1968,233500,1.00440935771532,234529.585026527,1.4146124911487,331768.480522446,1.5,497652.72078367,289831.571639602,0.300306988601063,787484.292423271,467464.917636071,0.484360557746604,965117.63841974,3,4.9780499968392,3.53453686524418
"PKe","Pink (even years)","PKe_8","Middle-Upper Skeena",1970,366000,1.00156848210024,366574.064448688,1.4146124911487,518560.250500264,1.5,777840.375750396,304475.279965145,0.229540722855687,1082315.65571554,548613.929077116,0.413594292001228,1326454.30482751,3,4.99216987091611,3.53453686524418
"PKe","Pink (even years)","PKe_8","Middle-Upper Skeena",1972,208166,1,208166,1.4146124911487,294474.223832461,1.5,441711.335748691,223280.239758723,0.273965447716302,664991.575507414,373282.823624045,0.458019016861843,814994.159372736,3,5,3.53453686524418
"PKe","Pink (even years)","PKe_8","Middle-Upper Skeena",1974,37855,1.00156848210024,37914.3748899046,1.4146124911487,53634.1483133538,1.5,80451.2224700307,59655.8538207142,0.347419861246527,140107.076290745,91259.8984966051,0.531473430392067,171711.120966636,3,4.99216987091611,3.53453686524418
"PKe","Pink (even years)","PKe_8","Middle-Upper Skeena",1976,293725,1,293725,1.4146124911487,415507.053962653,1.5,623260.580943979,151206.635060696,0.159305018533597,774467.216004675,325903.710630472,0.343358587679137,949164.291574451,3,5,3.53453686524418
"PKe","Pink (even years)","PKe_8","Middle-Upper Skeena",1978,476932,1,476932,1.4146124911487,674673.964628533,1.5,1012010.9469428,498639.918339999,0.269329910041732,1510650.8652828,839398.420337409,0.453383479187273,1851409.36728021,3,5,3.53453686524418
"PKe","Pink (even years)","PKe_8","Middle-Upper Skeena",1980,286341,1,286341,1.4146124911487,405061.555328011,1.5,607592.332992016,276793.17220144,0.255373250258376,884385.505193456,476284.588030027,0.439426819403917,1083876.92102204,3,5,3.53453686524418
"PKe","Pink (even years)","PKe_8","Middle-Upper Skeena",1982,390070,1.17493062609029,458305.18931904,1.4146124911487,648324.245568985,1.5,972486.368353477,317009.76098806,0.222311039292372,1289496.12934154,453487.627346956,0.318019563269949,1425973.99570043,3,4.25557040472938,3.53453686524418
"PKe","Pink (even years)","PKe_8","Middle-Upper Skeena",1984,144372,1.17493062609029,169627.084349908,1.4146124911487,239956.592358514,1.5,359934.888537771,397849.925054469,0.422134683559771,757784.81359224,582536.650875875,0.618094686698229,942471.539413646,3,4.25557040472938,3.53453686524418
"PKe","Pink (even years)","PKe_8","Middle-Upper Skeena",1986,414136,1,414136,1.4146124911487,585841.958634359,1.5,878762.937951539,795018.976704237,0.376797804865403,1673781.91465578,1231172.32822717,0.58351189629478,2109935.26617871,3,5,3.53453686524418
"PKe","Pink (even years)","PKe_8","Middle-Upper Skeena",1988,134720,1,134720,1.4146124911487,190576.594807553,1.5,285864.89221133,400407.37707635,0.505157497362806,686272.26928768,506773.798032193,0.639350317200005,792638.690243523,3,5,3.53453686524418
"PKe","Pink (even years)","PKe_8","Middle-Upper Skeena",1990,750785,1,750785,1.4146124911487,1062069.83916708,1.5,1593104.75875062,1141821.30134609,0.353374697872571,2734926.0600967,1638086.68823248,0.506960579436396,3231191.44698309,3,5,3.53453686524418
"PKe","Pink (even years)","PKe_8","Middle-Upper Skeena",1992,562500,1,562500,1.4146124911487,795719.526271145,1.5,1193579.28940672,2091545.16620236,0.533442185220681,3285124.45560907,2727267.66299001,0.695581259891537,3920846.95239672,3,5,3.53453686524418
"PKe","Pink (even years)","PKe_8","Middle-Upper Skeena",1994,112583,1,112583,1.4146124911487,159261.318090994,1.5,238891.977136492,192990.113802403,0.347360521066034,431882.090938895,316698.258651171,0.570021282325429,555590.235787662,3,5,3.53453686524418
"PKe","Pink (even years)","PKe_8","Middle-Upper Skeena",1996,639042,1,639042,1.4146124911487,903996.795568649,1.5,1355995.19335297,1390373.10489296,0.412990519202531,2746368.29824593,2010602.92511646,0.59722094956512,3366598.11846944,3,5,3.53453686524418
"PKe","Pink (even years)","PKe_8","Middle-Upper Skeena",1998,100190,1,100190,1.4146124911487,141730.025488189,1.5,212595.038232283,37801.6921844348,0.129165127228557,250396.730416718,80066.7118509643,0.273581060142603,292661.750083247,3,5,3.53453686524418
"PKe","Pink (even years)","PKe_8","Middle-Upper Skeena",2000,77848,1.6189542742489,126032.352341729,1.4146124911487,178286.939911464,1.5,267430.409867196,214935.249991531,0.397599227521547,482365.659858726,273152.25507242,0.505292294385599,540582.664939616,3,3.08841335393471,3.53453686524418
"PKe","Pink (even years)","PKe_8","Middle-Upper Skeena",2002,37312,1.6189542742489,60406.4218807751,1.4146124911487,85451.6789381428,1.5,128177.518407214,50631.496149046,0.25379283259459,178809.01455626,71321.7961771538,0.35750396599479,199499.314584368,3,3.08841335393471,3.53453686524418
"PKe","Pink (even years)","PKe_8","Middle-Upper Skeena",2004,121827,1,121827,1.4146124911487,172337.995959173,1.5,258506.99393876,117067.137310284,0.269592775057884,375574.131249044,175729.929825792,0.404686750961498,434236.923764552,3,5,3.53453686524418
"PKe","Pink (even years)","PKe_8","Middle-Upper Skeena",2006,60460,1,60460,1.4146124911487,85527.4712148506,1.5,128291.206822276,90930.6182232611,0.392940313011731,219221.825045537,103119.557642979,0.445612622564331,231410.764465255,3,5,3.53453686524418
"PKe","Pink (even years)","PKe_8","Middle-Upper Skeena",2008,29852,1.30272291293795,38888.8843970238,1.4146124911487,55012.7016348677,1.5,82519.0524523015,20845.8001593928,0.182794858755216,103364.852611694,31520.2608049045,0.276398199047492,114039.313257206,3,3.83811472903612,3.53453686524418
"PKe","Pink (even years)","PKe_8","Middle-Upper Skeena",2010,86418,1,86418,1.4146124911487,122247.982260089,1.5,183371.973390133,5311.08068519846,0.0248524941100297,188683.054075331,30332.1587458473,0.141935293635534,213704.13213598,3,5,3.53453686524418
"PKe","Pink (even years)","PKe_8","Middle-Upper Skeena",2012,72829,1,72829,1.4146124911487,103024.813117869,1.5,154537.219676803,21635.8225808153,0.10696294750796,176173.042257619,47736.774120957,0.236000551651171,202273.99379776,3,5,3.53453686524418
"PKe","Pink (even years)","PKe_8","Middle-Upper Skeena",2014,205776,1.11254163259152,228934.366988153,1.4146124911487,323853.415194663,1.5,485780.122791994,106603.040962373,0.153944203700307,592383.163754368,206698.310302532,0.298490610572296,692478.433094526,3,4.49421383751109,3.53453686524418
"PKe","Pink (even years)","PKe_8","Middle-Upper Skeena",2016,19700,3.8322395857923,75495.1198401083,1.4146124911487,106796.339546585,1.5,160194.509319878,22985.818826963,0.110140399291898,183180.328146841,48501.1098601935,0.232401188155007,208695.619180072,3,1.30472009592956,3.53453686524418
"PKe","Pink (even years)","PKe_9","North Haida Gwaii",1954,386000,1.0071456694742,388758.228417041,1.16616201165927,453355.077699911,1.5,680032.616549867,150441,0.181150848144935,830473.616549867,150441,0.181150848144935,830473.616549867,3.42857142857143,4.96452514422303,4.28756892267976
"PKe","Pink (even years)","PKe_9","North Haida Gwaii",1956,411000,1.0071456694742,413936.870153896,1.16616201165927,482717.45319861,1.5,724076.179797915,146858,0.168621238443157,870934.179797915,146858,0.168621238443157,870934.179797915,3.42857142857143,4.96452514422303,4.28756892267976
"PKe","Pink (even years)","PKe_9","North Haida Gwaii",1958,365000,1.0071456694742,367608.169358083,1.16616201165927,428690.682281004,1.5,643036.023421506,550692,0.461321162940941,1193728.02342151,550692,0.461321162940941,1193728.02342151,3.42857142857143,4.96452514422303,4.28756892267976
"PKe","Pink (even years)","PKe_9","North Haida Gwaii",1960,77775,1.0071456694742,78330.7544433559,1.08059319634836,84643.6803163245,1.5,126965.520474487,40111,0.240075624546689,167076.520474487,40111,0.240075624546689,167076.520474487,3.42857142857143,4.96452514422303,4.62708817425138
"PKe","Pink (even years)","PKe_9","North Haida Gwaii",1962,125775,1.07813408357964,135602.314362229,1.08059319634836,146530.938308917,1.5,219796.407463375,119441,0.352086760988748,339237.407463375,119441,0.352086760988748,339237.407463375,3.42857142857143,4.6376420856661,4.62708817425138
"PKe","Pink (even years)","PKe_9","North Haida Gwaii",1964,395075,1,395075,1.08059319634836,426915.357047328,1.5,640373.035570993,230047,0.264294237952703,870420.035570993,230047,0.264294237952703,870420.035570993,3.42857142857143,5,4.62708817425138
"PKe","Pink (even years)","PKe_9","North Haida Gwaii",1966,1032000,1,1032000,1.08059319634836,1115172.17863151,1.5,1672758.26794726,1287028,0.434838155017392,2959786.26794726,1287028,0.434838155017392,2959786.26794726,3.42857142857143,5,4.62708817425138
"PKe","Pink (even years)","PKe_9","North Haida Gwaii",1968,1259000,1,1259000,1.08059319634836,1360466.83420259,1.5,2040700.25130388,828452,0.288744523621398,2869152.25130388,828452,0.288744523621398,2869152.25130388,3.42857142857143,5,4.62708817425138
"PKe","Pink (even years)","PKe_9","North Haida Gwaii",1970,381000,1,381000,1.10206464872945,419886.631165919,1.5,629829.946748879,257642,0.290310021566127,887471.946748879,257642,0.290310021566127,887471.946748879,3.42857142857143,5,4.53693892256178
"PKe","Pink (even years)","PKe_9","North Haida Gwaii",1972,315500,1,315500,1.10206464872945,347701.396674141,1.5,521552.095011211,191764,0.268834534004152,713316.095011211,191764,0.268834534004152,713316.095011211,3.42857142857143,5,4.53693892256178
"PKe","Pink (even years)","PKe_9","North Haida Gwaii",1974,179000,1,179000,1.10206464872945,197269.572122571,1.5,295904.358183856,76813,0.206089140506596,372717.358183856,76813,0.206089140506596,372717.358183856,3.42857142857143,5,4.53693892256178
"PKe","Pink (even years)","PKe_9","North Haida Gwaii",1976,260500,1,260500,1.10206464872945,287087.840994021,1.5,430631.761491031,5344,0.0122575621675012,435975.761491031,5344,0.0122575621675012,435975.761491031,3.42857142857143,5,4.53693892256178
"PKe","Pink (even years)","PKe_9","North Haida Gwaii",1978,202000,1,202000,1.10206464872945,222617.059043348,1.5,333925.588565022,17847,0.0507344818219147,351772.588565022,17847,0.0507344818219147,351772.588565022,3.42857142857143,5,4.53693892256178
"PKe","Pink (even years)","PKe_9","North Haida Gwaii",1980,279000,1,279000,1.02561971500157,286147.900485437,1.5,429221.850728155,106114,0.198219491288815,535335.850728155,106114,0.198219491288815,535335.850728155,3.42857142857143,5,4.87510129423786
"PKe","Pink (even years)","PKe_9","North Haida Gwaii",1982,354500,1,354500,1.02561971500157,363582.188968055,1.5,545373.283452083,18097,0.0321170442017444,563470.283452083,18097,0.0321170442017444,563470.283452083,3.42857142857143,5,4.87510129423786
"PKe","Pink (even years)","PKe_9","North Haida Gwaii",1984,1201500,1,1201500,1.02561971500157,1232282.08757438,1.5,1848423.13136157,680991,0.26922874809489,2529414.13136157,680991,0.26922874809489,2529414.13136157,3.42857142857143,5,4.87510129423786
"PKe","Pink (even years)","PKe_9","North Haida Gwaii",1986,807000,1,807000,1.02561971500157,827675.110006264,1.5,1241512.6650094,866732,0.411115471740628,2108244.6650094,866732,0.411115471740628,2108244.6650094,3.42857142857143,5,4.87510129423786
"PKe","Pink (even years)","PKe_9","North Haida Gwaii",1988,551000,1,551000,1.02561971500157,565116.462965863,1.5,847674.694448794,185341,0.179417409625026,1033015.69444879,185341,0.179417409625026,1033015.69444879,3.42857142857143,5,4.87510129423786
"PKe","Pink (even years)","PKe_9","North Haida Gwaii",1990,1386500,1,1386500,1.01614072789423,1408879.11922536,1.5,2113318.67883803,1369824,0.393272434207883,3483142.67883803,1369824,0.393272434207883,3483142.67883803,3.42857142857143,5,4.9205782848224
"PKe","Pink (even years)","PKe_9","North Haida Gwaii",1992,973000,1,973000,1.01614072789423,988704.92824109,1.5,1483057.39236163,445283,0.230915144319859,1928340.39236163,445283,0.230915144319859,1928340.39236163,3.42857142857143,5,4.9205782848224
"PKe","Pink (even years)","PKe_9","North Haida Gwaii",1994,630500,1,630500,1.01614072789423,640676.728937315,1.5,961015.093405972,77115,0.0742825976145201,1038130.09340597,77115,0.0742825976145201,1038130.09340597,3.42857142857143,5,4.9205782848224
"PKe","Pink (even years)","PKe_9","North Haida Gwaii",1996,2898000,1,2898000,1.01614072789423,2944775.82943749,1.5,4417163.74415623,508727,0.103276143630169,4925890.74415623,508727,0.103276143630169,4925890.74415623,3.42857142857143,5,4.9205782848224
"PKe","Pink (even years)","PKe_9","North Haida Gwaii",1998,743000,1,743000,1.01614072789423,754992.560825416,1.5,1132488.84123812,69165,0.0575581732662177,1201653.84123812,69165,0.0575581732662177,1201653.84123812,3.42857142857143,5,4.9205782848224
"PKe","Pink (even years)","PKe_9","North Haida Gwaii",2000,460000,1.02900352185623,473341.620053864,1.0377186094893,491195.407775706,1.5,736793.111663559,561,0.00076082846915211,737354.111663559,561,0.00076082846915211,737354.111663559,3.42857142857143,4.85906986108315,4.81826186239515
"PKe","Pink (even years)","PKe_9","North Haida Gwaii",2002,939000,1.02900352185623,966234.307022996,1.0377186094893,1002679.32152476,1.5,1504018.98228713,0,0,1504018.98228713,0,0,1504018.98228713,3.42857142857143,4.85906986108315,4.81826186239515
"PKe","Pink (even years)","PKe_9","North Haida Gwaii",2004,177000,1.10944829126647,196372.347554166,1.0377186094893,203779.239446058,1.5,305668.859169086,0,0,305668.859169086,0,0,305668.859169086,3.42857142857143,4.50674451379102,4.81826186239515
"PKe","Pink (even years)","PKe_9","North Haida Gwaii",2006,241500,1,241500,1.0377186094893,250609.044191665,1.5,375913.566287497,73,0.00019415587296324,375986.566287497,73,0.00019415587296324,375986.566287497,3.42857142857143,5,4.81826186239515
"PKe","Pink (even years)","PKe_9","North Haida Gwaii",2008,589000,1,589000,1.0377186094893,611216.260989195,1.5,916824.391483793,0,0,916824.391483793,0,0,916824.391483793,3.42857142857143,5,4.81826186239515
"PKe","Pink (even years)","PKe_9","North Haida Gwaii",2010,1085000,1,1085000,1.12872286723877,1224664.31095406,1.5,1836996.4664311,188000,0.0928396681754887,2024996.4664311,188000,0.0928396681754887,2024996.4664311,3.42857142857143,5,4.42978533094812
"PKe","Pink (even years)","PKe_9","North Haida Gwaii",2012,166200,1,166200,1.12872286723877,187593.740535083,1.5,281390.610802625,0,0,281390.610802625,0,0,281390.610802625,3.42857142857143,5,4.42978533094812
"PKe","Pink (even years)","PKe_9","North Haida Gwaii",2014,,,,,,,,,,,,,,,,
"PKe","Pink (even years)","PKe_9","North Haida Gwaii",2016,168000,1.45661764705882,244711.764705882,1.12872286723877,276211.764705882,1.5,414317.647058824,,,,,,,3.42857142857143,3.43260979303382,4.42978533094812
